rater id,facility code,overall experience,quality of classes,online instruction,job preparation,gi bill support,veteran community,marketing practices,rated date
1,31121005,5,5,5,5,5,5,5,2020-01-01 04:05:02 UTC
2,31121005,5,5,5,5,5,5,5,2020-01-01 04:05:02 UTC
3,31121005,5,5,5,5,5,5,5,2020-01-01 04:05:02 UTC
4,31121005,5,5,5,5,5,5,5,2020-01-01 04:05:02 UTC
5,31121005,5,5,5,5,5,5,5,2020-01-01 04:05:02 UTC
6,31121005,5,5,5,5,5,5,5,2020-01-01 04:05:02 UTC
7,31121005,5,5,5,5,5,5,5,2020-01-01 04:05:02 UTC
8,31121005,5,5,5,5,5,4,5,2020-01-01 04:05:02 UTC
9,31121005,5,5,5,5,5,4,5,2020-01-01 04:05:02 UTC
10,31121005,5,5,5,5,5,4,5,2020-01-01 04:05:02 UTC
11,31121005,5,5,5,4,5,4,5,2020-01-01 04:05:02 UTC
12,31121005,5,5,5,4,5,4,5,2020-01-01 04:05:02 UTC
13,31121005,5,5,5,4,5,3,5,2020-01-01 04:05:02 UTC
14,31121005,5,5,5,4,5,3,5,2020-01-01 04:05:02 UTC
15,31121005,5,5,5,4,5,3,5,2020-01-01 04:05:02 UTC
16,31121005,5,5,5,4,5,3,5,2020-01-01 04:05:02 UTC
17,31121005,5,5,5,4,5,3,5,2020-01-01 04:05:02 UTC
18,31121005,5,5,5,4,5,3,5,2020-01-01 04:05:02 UTC
19,31121005,5,5,5,4,5,3,5,2020-01-01 04:05:02 UTC
20,31121005,5,5,5,4,5,3,5,2020-01-01 04:05:02 UTC
21,31121005,5,5,5,4,5,2,5,2020-01-01 04:05:02 UTC
22,31121005,5,5,5,4,4,2,5,2020-01-01 04:05:02 UTC
23,31121005,5,5,5,4,4,,5,2020-01-01 04:05:02 UTC
24,31121005,5,5,5,4,4,,5,2020-01-01 04:05:02 UTC
25,31121005,5,5,5,4,4,,5,2020-01-01 04:05:02 UTC
26,31121005,5,5,5,4,4,,5,2020-01-01 04:05:02 UTC
27,31121005,5,5,5,4,4,,5,2020-01-01 04:05:02 UTC
28,31121005,5,5,5,4,4,,5,2020-01-01 04:05:02 UTC
29,31121005,5,5,5,4,4,,5,2020-01-01 04:05:02 UTC
30,31121005,5,5,5,4,4,,5,2020-01-01 04:05:02 UTC
31,31121005,5,5,5,4,4,,5,2020-01-01 04:05:02 UTC
32,31121005,5,5,5,4,4,,5,2020-01-01 04:05:02 UTC
33,31121005,5,5,5,3,4,,5,2020-01-01 04:05:02 UTC
34,31121005,5,5,5,3,4,,5,2020-01-01 04:05:02 UTC
35,31121005,5,5,5,3,4,,5,2020-01-01 04:05:02 UTC
36,31121005,5,5,5,3,4,,5,2020-01-01 04:05:02 UTC
37,31121005,5,5,4,3,4,,5,2020-01-01 04:05:02 UTC
38,31121005,5,5,4,3,4,,5,2020-01-01 04:05:02 UTC
39,31121005,5,5,4,3,4,,5,2020-01-01 04:05:02 UTC
40,31121005,5,5,4,3,4,,5,2020-01-01 04:05:02 UTC
41,31121005,5,5,4,3,4,,5,2020-01-01 04:05:02 UTC
42,31121005,5,5,4,3,4,,5,2020-01-01 04:05:02 UTC
43,31121005,5,5,4,3,4,,5,2020-01-01 04:05:02 UTC
44,31121005,5,5,2,3,4,,5,2020-01-01 04:05:02 UTC
45,31121005,5,5,,3,4,,5,2020-01-01 04:05:02 UTC
46,31121005,4,5,,3,4,,5,2020-01-01 04:05:02 UTC
47,31121005,4,5,,3,4,,5,2020-01-01 04:05:02 UTC
48,31121005,4,5,,3,4,,5,2020-01-01 04:05:02 UTC
49,31121005,4,5,,3,4,,5,2020-01-01 04:05:02 UTC
50,31121005,4,5,,3,4,,5,2020-01-01 04:05:02 UTC
51,31121005,4,5,,3,4,,5,2020-01-01 04:05:02 UTC
52,31121005,4,5,,3,4,,5,2020-01-01 04:05:02 UTC
53,31121005,4,5,,3,4,,5,2020-01-01 04:05:02 UTC
54,31121005,4,5,,3,4,,4,2020-01-01 04:05:02 UTC
55,31121005,4,5,,3,4,,4,2020-01-01 04:05:02 UTC
56,31121005,4,5,,3,4,,4,2020-01-01 04:05:02 UTC
57,31121005,4,5,,3,4,,4,2020-01-01 04:05:02 UTC
58,31121005,4,5,,3,3,,4,2020-01-01 04:05:02 UTC
59,31121005,4,5,,2,3,,4,2020-01-01 04:05:02 UTC
60,31121005,4,5,,2,3,,4,2020-01-01 04:05:02 UTC
61,31121005,4,5,,2,3,,4,2020-01-01 04:05:02 UTC
62,31121005,4,5,,2,3,,4,2020-01-01 04:05:02 UTC
63,31121005,4,5,,2,3,,4,2020-01-01 04:05:02 UTC
64,31121005,4,5,,2,3,,4,2020-01-01 04:05:02 UTC
65,31121005,4,5,,2,3,,4,2020-01-01 04:05:02 UTC
66,31121005,4,5,,2,3,,4,2020-01-01 04:05:02 UTC
67,31121005,4,5,,2,3,,4,2020-01-01 04:05:02 UTC
68,31121005,4,5,,2,3,,4,2020-01-01 04:05:02 UTC
69,31121005,4,5,,1,3,,4,2020-01-01 04:05:02 UTC
70,31121005,4,5,,1,3,,4,2020-01-01 04:05:02 UTC
71,31121005,4,5,,,3,,4,2020-01-01 04:05:02 UTC
72,31121005,4,5,,,3,,4,2020-01-01 04:05:02 UTC
73,31121005,4,5,,,3,,4,2020-01-01 04:05:02 UTC
74,31121005,4,5,,,3,,4,2020-01-01 04:05:02 UTC
75,31121005,4,5,,,3,,3,2020-01-01 04:05:02 UTC
76,31121005,4,5,,,3,,3,2020-01-01 04:05:02 UTC
77,31121005,4,5,,,3,,3,2020-01-01 04:05:02 UTC
78,31121005,3,5,,,3,,3,2020-01-01 04:05:02 UTC
79,31121005,3,5,,,3,,3,2020-01-01 04:05:02 UTC
80,31121005,3,5,,,1,,3,2020-01-01 04:05:02 UTC
81,31121005,3,5,,,1,,3,2020-01-01 04:05:02 UTC
82,31121005,3,5,,,,,3,2020-01-01 04:05:02 UTC
83,31121005,3,3,,,,,,2020-01-01 04:05:02 UTC
84,31121005,3,3,,,,,,2020-01-01 04:05:02 UTC
85,31121005,3,,,,,,,2020-01-01 04:05:02 UTC
86,31121005,3,,,,,,,2020-01-01 04:05:02 UTC
87,31121005,3,,,,,,,2020-01-01 04:05:02 UTC
88,31000129,5,5,5,4,5,5,5,2020-01-01 04:05:02 UTC
89,31000129,5,5,5,4,5,5,5,2020-01-01 04:05:02 UTC
90,31000129,5,5,5,4,5,5,5,2020-01-01 04:05:02 UTC
91,31000129,5,5,5,4,5,5,5,2020-01-01 04:05:02 UTC
92,31000129,4,5,5,4,5,5,5,2020-01-01 04:05:02 UTC
93,31000129,4,5,5,4,5,5,5,2020-01-01 04:05:02 UTC
94,31000129,4,5,5,4,5,5,5,2020-01-01 04:05:02 UTC
95,31000129,4,5,5,4,5,5,5,2020-01-01 04:05:02 UTC
96,31000129,4,5,5,4,5,5,5,2020-01-01 04:05:02 UTC
97,31000129,4,5,5,4,5,5,5,2020-01-01 04:05:02 UTC
98,31000129,4,5,5,4,5,5,5,2020-01-01 04:05:02 UTC
99,31000129,4,5,5,4,5,5,5,2020-01-01 04:05:02 UTC
100,31000129,4,5,5,4,5,5,5,2020-01-01 04:05:02 UTC
101,31000129,4,5,5,4,5,5,5,2020-01-01 04:05:02 UTC
102,31000129,4,5,5,4,5,5,5,2020-01-01 04:05:02 UTC
103,31000129,4,5,5,4,5,5,5,2020-01-01 04:05:02 UTC
104,31000129,4,5,5,4,5,5,5,2020-01-01 04:05:02 UTC
105,31000129,4,5,4,4,5,5,5,2020-01-01 04:05:02 UTC
106,31000129,4,5,4,4,5,5,5,2020-01-01 04:05:02 UTC
107,31000129,4,5,4,4,5,5,5,2020-01-01 04:05:02 UTC
108,31000129,4,5,4,4,5,5,4,2020-01-01 04:05:02 UTC
109,31000129,4,5,4,4,5,5,4,2020-01-01 04:05:02 UTC
110,31000129,4,5,4,4,5,5,4,2020-01-01 04:05:02 UTC
111,31000129,4,5,4,4,5,5,4,2020-01-01 04:05:02 UTC
112,31000129,4,5,4,4,5,5,4,2020-01-01 04:05:02 UTC
113,31000129,4,5,4,4,5,5,4,2020-01-01 04:05:02 UTC
114,31000129,4,5,4,4,5,5,4,2020-01-01 04:05:02 UTC
115,31000129,4,5,4,4,5,5,4,2020-01-01 04:05:02 UTC
116,31000129,4,5,4,4,5,5,4,2020-01-01 04:05:02 UTC
117,31000129,4,5,4,4,5,5,4,2020-01-01 04:05:02 UTC
118,31000129,4,5,3,4,5,5,4,2020-01-01 04:05:02 UTC
119,31000129,4,5,3,4,5,5,4,2020-01-01 04:05:02 UTC
120,31000129,4,5,2,4,5,5,4,2020-01-01 04:05:02 UTC
121,31000129,4,5,2,4,5,5,4,2020-01-01 04:05:02 UTC
122,31000129,4,5,2,4,5,5,4,2020-01-01 04:05:02 UTC
123,31000129,4,5,2,3,5,5,4,2020-01-01 04:05:02 UTC
124,31000129,4,5,2,3,5,5,4,2020-01-01 04:05:02 UTC
125,31000129,4,5,2,3,5,5,4,2020-01-01 04:05:02 UTC
126,31000129,4,5,2,3,5,5,4,2020-01-01 04:05:02 UTC
127,31000129,4,5,2,3,5,5,4,2020-01-01 04:05:02 UTC
128,31000129,4,5,2,3,5,5,4,2020-01-01 04:05:02 UTC
129,31000129,4,5,2,3,5,5,4,2020-01-01 04:05:02 UTC
130,31000129,4,5,2,3,5,5,4,2020-01-01 04:05:02 UTC
131,31000129,4,5,2,3,5,5,4,2020-01-01 04:05:02 UTC
132,31000129,4,5,2,3,5,5,4,2020-01-01 04:05:02 UTC
133,31000129,4,5,2,3,5,5,4,2020-01-01 04:05:02 UTC
134,31000129,4,5,2,3,5,5,4,2020-01-01 04:05:02 UTC
135,31000129,4,5,1,3,5,5,4,2020-01-01 04:05:02 UTC
136,31000129,4,5,1,3,5,5,4,2020-01-01 04:05:02 UTC
137,31000129,4,5,1,3,5,4,4,2020-01-01 04:05:02 UTC
138,31000129,4,5,1,3,5,4,4,2020-01-01 04:05:02 UTC
139,31000129,4,5,1,3,5,4,4,2020-01-01 04:05:02 UTC
140,31000129,4,5,1,3,5,4,4,2020-01-01 04:05:02 UTC
141,31000129,4,5,1,3,5,4,4,2020-01-01 04:05:02 UTC
142,31000129,4,5,1,3,5,4,4,2020-01-01 04:05:02 UTC
143,31000129,4,5,1,3,4,4,4,2020-01-01 04:05:02 UTC
144,31000129,4,5,1,3,4,4,4,2020-01-01 04:05:02 UTC
145,31000129,4,5,,3,4,4,4,2020-01-01 04:05:02 UTC
146,31000129,4,5,,3,4,4,4,2020-01-01 04:05:02 UTC
147,31000129,4,5,,3,4,4,4,2020-01-01 04:05:02 UTC
148,31000129,4,5,,3,4,4,4,2020-01-01 04:05:02 UTC
149,31000129,4,5,,3,4,4,4,2020-01-01 04:05:02 UTC
150,31000129,4,5,,3,4,4,4,2020-01-01 04:05:02 UTC
151,31000129,4,5,,3,4,4,4,2020-01-01 04:05:02 UTC
152,31000129,4,5,,2,4,4,4,2020-01-01 04:05:02 UTC
153,31000129,4,5,,2,4,4,4,2020-01-01 04:05:02 UTC
154,31000129,4,5,,2,4,4,4,2020-01-01 04:05:02 UTC
155,31000129,4,5,,2,4,4,4,2020-01-01 04:05:02 UTC
156,31000129,4,5,,,4,4,4,2020-01-01 04:05:02 UTC
157,31000129,4,5,,,4,4,4,2020-01-01 04:05:02 UTC
158,31000129,4,5,,,4,4,4,2020-01-01 04:05:02 UTC
159,31000129,4,5,,,4,4,4,2020-01-01 04:05:02 UTC
160,31000129,4,5,,,4,4,4,2020-01-01 04:05:02 UTC
161,31000129,4,5,,,4,4,4,2020-01-01 04:05:02 UTC
162,31000129,4,5,,,4,4,4,2020-01-01 04:05:02 UTC
163,31000129,4,5,,,4,4,4,2020-01-01 04:05:02 UTC
164,31000129,4,5,,,4,4,4,2020-01-01 04:05:02 UTC
165,31000129,4,5,,,4,4,4,2020-01-01 04:05:02 UTC
166,31000129,4,5,,,4,4,4,2020-01-01 04:05:02 UTC
167,31000129,4,5,,,4,4,4,2020-01-01 04:05:02 UTC
168,31000129,4,5,,,4,4,4,2020-01-01 04:05:02 UTC
169,31000129,4,5,,,,4,4,2020-01-01 04:05:02 UTC
170,31000129,4,5,,,,3,3,2020-01-01 04:05:02 UTC
171,31000129,4,5,,,,3,3,2020-01-01 04:05:02 UTC
172,31000129,4,5,,,,,3,2020-01-01 04:05:02 UTC
173,31000129,4,5,,,,,3,2020-01-01 04:05:02 UTC
174,31000129,4,5,,,,,3,2020-01-01 04:05:02 UTC
175,31000129,3,5,,,,,3,2020-01-01 04:05:02 UTC
176,31000129,3,5,,,,,3,2020-01-01 04:05:02 UTC
177,31000129,3,5,,,,,3,2020-01-01 04:05:02 UTC
178,31000129,2,5,,,,,3,2020-01-01 04:05:02 UTC
179,31000129,,5,,,,,3,2020-01-01 04:05:02 UTC
180,31000129,,5,,,,,3,2020-01-01 04:05:02 UTC
181,31000129,,4,,,,,3,2020-01-01 04:05:02 UTC
182,31000129,,4,,,,,3,2020-01-01 04:05:02 UTC
183,31000129,,4,,,,,3,2020-01-01 04:05:02 UTC
184,31000129,,4,,,,,3,2020-01-01 04:05:02 UTC
185,31000129,,4,,,,,3,2020-01-01 04:05:02 UTC
186,31000129,,4,,,,,3,2020-01-01 04:05:02 UTC
187,31000129,,4,,,,,3,2020-01-01 04:05:02 UTC
188,31000129,,4,,,,,,2020-01-01 04:05:02 UTC
189,31000129,,4,,,,,,2020-01-01 04:05:02 UTC
190,11802405,5,5,4,3,3,4,3,2020-01-01 04:05:02 UTC
191,11802405,3,4,5,5,4,4,3,2020-01-01 04:05:02 UTC
192,11802405,3,5,4,5,4,5,4,2020-01-01 04:05:02 UTC
193,11802405,4,4,,5,3,4,4,2020-01-01 04:05:02 UTC
194,11802405,5,5,,4,4,5,3,2020-01-01 04:05:02 UTC
195,11802405,4,5,,4,4,,5,2020-01-01 04:05:02 UTC
196,11802405,4,5,,5,4,,4,2020-01-01 04:05:02 UTC
197,11802405,5,3,,4,3,,4,2020-01-01 04:05:02 UTC
198,11802405,5,4,,4,3,,4,2020-01-01 04:05:02 UTC
199,11802405,4,4,,3,5,,5,2020-01-01 04:05:02 UTC
200,11802405,3,3,,5,5,,3,2020-01-01 04:05:02 UTC
201,11802405,4,5,,5,5,,4,2020-01-01 04:05:02 UTC
202,11802405,4,3,,4,4,,3,2020-01-01 04:05:02 UTC
203,11802405,4,3,,4,5,,5,2020-01-01 04:05:02 UTC
204,11802405,3,3,,5,5,,3,2020-01-01 04:05:02 UTC
205,11802405,3,5,,5,4,,5,2020-01-01 04:05:02 UTC
206,11802405,3,4,,4,4,,5,2020-01-01 04:05:02 UTC
207,11802405,5,5,,5,4,,3,2020-01-01 04:05:02 UTC
208,11802405,5,5,,5,4,,5,2020-01-01 04:05:02 UTC
209,11802405,4,3,,5,3,4,5,2020-01-01 04:05:02 UTC
210,11802405,5,3,5,5,5,3,3,2020-01-01 04:05:02 UTC
211,11802405,5,4,4,3,3,3,,2020-01-01 04:05:02 UTC
212,11802405,3,5,4,3,3,5,,2020-01-01 04:05:02 UTC
213,11802405,3,4,3,3,3,3,,2020-01-01 04:05:02 UTC
214,11802405,4,4,5,3,4,3,,2020-01-01 04:05:02 UTC
215,11802405,3,4,4,3,3,3,,2020-01-01 04:05:02 UTC
216,11802405,5,3,3,3,3,5,,2020-01-01 04:05:02 UTC
217,11802405,4,5,5,3,5,4,,2020-01-01 04:05:02 UTC
218,11802405,4,5,5,3,,3,,2020-01-01 04:05:02 UTC
219,11802405,4,5,4,3,,5,,2020-01-01 04:05:02 UTC
220,11802405,5,3,5,3,,4,,2020-01-01 04:05:02 UTC
221,11802405,5,3,5,5,,3,,2020-01-01 04:05:02 UTC
222,11802405,4,5,4,3,,3,,2020-01-01 04:05:02 UTC
223,11802405,5,3,4,4,,5,5,2020-01-01 04:05:02 UTC
224,11802405,3,3,4,4,,3,5,2020-01-01 04:05:02 UTC
225,11802405,5,3,5,4,,3,5,2020-01-01 04:05:02 UTC
226,11802405,3,5,3,5,,3,4,2020-01-01 04:05:02 UTC
227,11802405,5,5,5,3,4,4,4,2020-01-01 04:05:02 UTC
228,11802405,5,4,5,3,4,5,3,2020-01-01 04:05:02 UTC
229,11802405,5,3,3,4,3,4,4,2020-01-01 04:05:02 UTC
230,11802405,5,3,5,3,4,4,5,2020-01-01 04:05:02 UTC
231,11802405,3,3,3,5,5,4,5,2020-01-01 04:05:02 UTC
232,11802405,5,4,4,3,5,3,4,2020-01-01 04:05:02 UTC
233,11802405,3,5,5,3,5,4,5,2020-01-01 04:05:02 UTC
234,11802405,4,4,,5,4,4,3,2020-01-01 04:05:02 UTC
235,11802405,3,3,,4,5,5,,2020-01-01 04:05:02 UTC
236,11802405,5,3,,4,4,3,,2020-01-01 04:05:02 UTC
237,11802405,3,4,,4,5,5,,2020-01-01 04:05:02 UTC
238,11802405,3,4,,4,4,5,,2020-01-01 04:05:02 UTC
239,11802405,5,4,,3,4,5,,2020-01-01 04:05:02 UTC
240,11802405,5,5,,4,5,4,4,2020-01-01 04:05:02 UTC
241,11802405,4,4,,,5,4,4,2020-01-01 04:05:02 UTC
242,11802405,3,4,,,3,5,4,2020-01-01 04:05:02 UTC
243,11802405,3,4,,,4,3,4,2020-01-01 04:05:02 UTC
244,11802405,5,3,,,4,3,5,2020-01-01 04:05:02 UTC
245,11802405,3,5,,,4,5,3,2020-01-01 04:05:02 UTC
246,11802405,4,3,,,5,4,5,2020-01-01 04:05:02 UTC
247,11802405,,3,,,4,3,3,2020-01-01 04:05:02 UTC
248,11802405,,4,,,5,4,4,2020-01-01 04:05:02 UTC
249,11802405,,4,,,3,3,4,2020-01-01 04:05:02 UTC
250,11802405,,4,,,5,5,3,2020-01-01 04:05:02 UTC
251,11802405,,5,,4,5,5,4,2020-01-01 04:05:02 UTC
252,11802405,,4,,5,3,5,5,2020-01-01 04:05:02 UTC
253,11802405,,3,,5,5,5,3,2020-01-01 04:05:02 UTC
254,11802405,,4,,3,5,4,5,2020-01-01 04:05:02 UTC
255,11802405,,3,,3,3,4,5,2020-01-01 04:05:02 UTC
256,11802405,,5,,4,3,4,3,2020-01-01 04:05:02 UTC
257,11802405,,5,4,5,3,3,3,2020-01-01 04:05:02 UTC
258,11802405,4,3,4,5,5,5,4,2020-01-01 04:05:02 UTC
259,11802405,4,4,4,3,5,4,5,2020-01-01 04:05:02 UTC
260,11802405,5,4,4,5,5,4,4,2020-01-01 04:05:02 UTC
261,11802405,3,3,3,5,5,3,4,2020-01-01 04:05:02 UTC
262,11802405,5,5,4,5,5,4,5,2020-01-01 04:05:02 UTC
263,11802405,4,3,3,3,4,3,4,2020-01-01 04:05:02 UTC
264,11802405,3,3,3,5,5,4,5,2020-01-01 04:05:02 UTC
265,11802405,4,3,5,5,3,5,4,2020-01-01 04:05:02 UTC
266,11802405,3,3,4,4,4,4,4,2020-01-01 04:05:02 UTC
267,11802405,4,4,3,3,4,4,5,2020-01-01 04:05:02 UTC
268,11802405,3,5,4,5,4,5,5,2020-01-01 04:05:02 UTC
269,11802405,5,4,5,3,4,4,3,2020-01-01 04:05:02 UTC
270,11802405,3,3,5,4,5,5,3,2020-01-01 04:05:02 UTC
271,11802405,4,5,5,,5,4,3,2020-01-01 04:05:02 UTC
272,11802405,3,5,5,,3,3,3,2020-01-01 04:05:02 UTC
273,11802405,3,4,4,,5,4,4,2020-01-01 04:05:02 UTC
274,11802405,4,4,3,,5,5,5,2020-01-01 04:05:02 UTC
275,11802405,4,5,5,,5,4,5,2020-01-01 04:05:02 UTC
276,11802405,4,3,3,,,3,4,2020-01-01 04:05:02 UTC
277,11802405,3,5,4,,,3,5,2020-01-01 04:05:02 UTC
278,11802405,3,5,4,5,,4,4,2020-01-01 04:05:02 UTC
279,11802405,4,5,4,4,,3,4,2020-01-01 04:05:02 UTC
280,11802405,4,3,3,3,,3,4,2020-01-01 04:05:02 UTC
281,11802405,4,4,5,5,,3,5,2020-01-01 04:05:02 UTC
282,11802405,3,3,3,3,,4,5,2020-01-01 04:05:02 UTC
283,11802405,5,5,3,5,,5,3,2020-01-01 04:05:02 UTC
284,11802405,3,4,5,3,,4,3,2020-01-01 04:05:02 UTC
285,11802405,5,4,3,4,,3,5,2020-01-01 04:05:02 UTC
286,11802405,3,4,4,3,,5,3,2020-01-01 04:05:02 UTC
287,11802405,3,3,3,3,,5,4,2020-01-01 04:05:02 UTC
288,11802405,3,5,4,3,,5,5,2020-01-01 04:05:02 UTC
289,11802405,3,5,4,5,,4,4,2020-01-01 04:05:02 UTC
290,11802405,4,4,4,3,,4,5,2020-01-01 04:05:02 UTC
291,11802405,4,3,3,5,,4,4,2020-01-01 04:05:02 UTC
292,11802405,3,5,5,3,,5,4,2020-01-01 04:05:02 UTC
293,11802405,5,3,5,4,,5,4,2020-01-01 04:05:02 UTC
294,11802405,5,3,4,4,,4,3,2020-01-01 04:05:02 UTC
295,11802405,3,4,3,3,,5,5,2020-01-01 04:05:02 UTC
296,11802405,3,5,3,4,,3,3,2020-01-01 04:05:02 UTC
297,11802405,3,5,5,3,,5,3,2020-01-01 04:05:02 UTC
298,11802405,4,5,3,3,,3,4,2020-01-01 04:05:02 UTC
299,11802405,5,4,3,3,,5,3,2020-01-01 04:05:02 UTC
300,11802405,5,4,5,4,,4,4,2020-01-01 04:05:02 UTC
301,11802405,4,4,4,4,,5,4,2020-01-01 04:05:02 UTC
302,11802405,4,5,4,5,,3,4,2020-01-01 04:05:02 UTC
303,11802405,4,4,5,5,,3,4,2020-01-01 04:05:02 UTC
304,11802405,5,4,4,5,,5,5,2020-01-01 04:05:02 UTC
305,11802405,3,3,3,3,,3,4,2020-01-01 04:05:02 UTC
306,11802405,5,5,3,4,,4,3,2020-01-01 04:05:02 UTC
307,11802405,3,5,3,3,3,4,3,2020-01-01 04:05:02 UTC
308,11802405,3,3,5,4,3,4,5,2020-01-01 04:05:02 UTC
309,11802405,5,4,4,4,3,3,5,2020-01-01 04:05:02 UTC
310,11802405,4,4,4,4,5,3,4,2020-01-01 04:05:02 UTC
311,11802405,5,4,,3,4,3,4,2020-01-01 04:05:02 UTC
312,11802405,5,3,,5,4,4,3,2020-01-01 04:05:02 UTC
313,11802405,3,4,,5,5,4,3,2020-01-01 04:05:02 UTC
314,11802405,4,4,,3,3,3,5,2020-01-01 04:05:02 UTC
315,11802405,5,3,,4,3,4,4,2020-01-01 04:05:02 UTC
316,11802405,5,4,,4,3,3,4,2020-01-01 04:05:02 UTC
317,11802405,5,4,,4,4,3,3,2020-01-01 04:05:02 UTC
318,11802405,5,3,,3,4,4,4,2020-01-01 04:05:02 UTC
319,11802405,4,,,5,4,5,3,2020-01-01 04:05:02 UTC
320,11802405,3,,,3,3,4,4,2020-01-01 04:05:02 UTC
321,11802405,5,,,3,4,4,5,2020-01-01 04:05:02 UTC
322,11802405,4,,,5,5,3,3,2020-01-01 04:05:02 UTC
323,11802405,5,,,5,4,3,3,2020-01-01 04:05:02 UTC
324,11802405,5,,,4,4,5,4,2020-01-01 04:05:02 UTC
325,11802405,4,,,3,5,4,5,2020-01-01 04:05:02 UTC
326,11802405,4,,,4,3,4,3,2020-01-01 04:05:02 UTC
327,11802405,3,,,3,5,3,3,2020-01-01 04:05:02 UTC
328,11802405,4,,,4,3,5,5,2020-01-01 04:05:02 UTC
329,11802405,4,,,5,3,5,3,2020-01-01 04:05:02 UTC
330,11802405,3,,,4,3,,3,2020-01-01 04:05:02 UTC
331,11802405,4,,,3,5,,3,2020-01-01 04:05:02 UTC
332,11802405,3,,,4,3,,3,2020-01-01 04:05:02 UTC
333,11802405,4,,,3,4,,4,2020-01-01 04:05:02 UTC
334,11802405,4,,,5,3,,5,2020-01-01 04:05:02 UTC
335,11802405,3,,,3,3,,5,2020-01-01 04:05:02 UTC
336,11802405,3,,,4,3,,4,2020-01-01 04:05:02 UTC
337,11802405,3,,,4,3,,5,2020-01-01 04:05:02 UTC
338,11802405,4,,,3,4,,3,2020-01-01 04:05:02 UTC
339,11802405,3,,,3,3,,4,2020-01-01 04:05:02 UTC
340,11802405,4,,,5,4,,3,2020-01-01 04:05:02 UTC
341,11802405,5,,,5,4,,5,2020-01-01 04:05:02 UTC
342,11802405,3,3,,3,4,,5,2020-01-01 04:05:02 UTC
343,11802405,3,5,,5,5,,4,2020-01-01 04:05:02 UTC
344,11802405,5,5,,4,3,,4,2020-01-01 04:05:02 UTC
345,11802405,5,4,4,5,5,,4,2020-01-01 04:05:02 UTC
346,11802405,3,4,3,3,5,,4,2020-01-01 04:05:02 UTC
347,11802405,5,3,5,3,5,,3,2020-01-01 04:05:02 UTC
348,11802405,4,3,3,3,5,,4,2020-01-01 04:05:02 UTC
349,11802405,5,3,3,4,3,,4,2020-01-01 04:05:02 UTC
350,11802405,4,5,4,4,4,5,3,2020-01-01 04:05:02 UTC
351,11802405,3,3,5,4,5,3,3,2020-01-01 04:05:02 UTC
352,11802405,4,5,3,5,4,4,4,2020-01-01 04:05:02 UTC
353,11802405,3,5,4,3,3,4,3,2020-01-01 04:05:02 UTC
354,11802405,3,4,5,3,3,5,5,2020-01-01 04:05:02 UTC
355,11802405,5,3,5,5,3,5,4,2020-01-01 04:05:02 UTC
356,11802405,4,4,3,5,5,5,5,2020-01-01 04:05:02 UTC
357,11802405,4,3,4,3,5,4,5,2020-01-01 04:05:02 UTC
358,11802405,3,4,4,5,3,3,4,2020-01-01 04:05:02 UTC
359,11802405,3,3,5,3,4,4,3,2020-01-01 04:05:02 UTC
360,11802405,3,3,3,3,5,5,,2020-01-01 04:05:02 UTC
361,11802405,3,3,5,5,5,4,,2020-01-01 04:05:02 UTC
362,11802405,4,4,,3,3,4,,2020-01-01 04:05:02 UTC
363,11802405,3,4,,4,3,3,,2020-01-01 04:05:02 UTC
364,11802405,3,5,,4,5,3,,2020-01-01 04:05:02 UTC
365,11802405,5,5,,4,3,3,,2020-01-01 04:05:02 UTC
366,11802405,5,5,,4,4,4,,2020-01-01 04:05:02 UTC
367,11802405,,4,,3,4,3,,2020-01-01 04:05:02 UTC
368,11802405,,4,,5,3,5,,2020-01-01 04:05:02 UTC
369,11802405,,5,,5,5,3,,2020-01-01 04:05:02 UTC
370,11802405,,4,,5,4,5,,2020-01-01 04:05:02 UTC
371,11802405,,3,,3,5,5,3,2020-01-01 04:05:02 UTC
372,11802405,,4,,4,5,3,5,2020-01-01 04:05:02 UTC
373,11802405,,5,,4,3,4,5,2020-01-01 04:05:02 UTC
374,11802405,,3,,4,5,5,4,2020-01-01 04:05:02 UTC
375,11802405,,3,,5,,4,4,2020-01-01 04:05:02 UTC
376,11802405,,3,,3,,4,4,2020-01-01 04:05:02 UTC
377,11802405,,5,,5,,4,4,2020-01-01 04:05:02 UTC
378,11802405,,3,,5,,3,3,2020-01-01 04:05:02 UTC
379,11802405,,5,,4,,3,4,2020-01-01 04:05:02 UTC
380,11802405,,4,,3,,3,5,2020-01-01 04:05:02 UTC
381,11802405,,3,,5,,5,3,2020-01-01 04:05:02 UTC
382,11802405,,5,,3,,4,5,2020-01-01 04:05:02 UTC
383,11802405,,5,,4,,5,3,2020-01-01 04:05:02 UTC
384,11802405,,3,,3,,5,3,2020-01-01 04:05:02 UTC
385,11802405,,3,,4,,5,4,2020-01-01 04:05:02 UTC
386,11802405,4,5,5,4,,5,5,2020-01-01 04:05:02 UTC
387,11802405,4,4,3,3,,5,5,2020-01-01 04:05:02 UTC
388,11802405,5,3,3,4,,4,3,2020-01-01 04:05:02 UTC
389,11802405,3,3,4,5,,5,3,2020-01-01 04:05:02 UTC
390,11802405,5,5,5,5,,3,4,2020-01-01 04:05:02 UTC
391,11802405,4,3,4,4,4,5,5,2020-01-01 04:05:02 UTC
392,11802405,5,4,5,3,5,3,3,2020-01-01 04:05:02 UTC
393,11802405,3,3,,4,3,5,5,2020-01-01 04:05:02 UTC
394,11800105,5,4,,3,5,5,3,2020-01-01 04:05:02 UTC
395,11800105,3,3,,3,3,4,5,2020-01-01 04:05:02 UTC
396,11800105,4,4,,4,5,5,3,2020-01-01 04:05:02 UTC
397,11800105,4,3,,5,4,5,5,2020-01-01 04:05:02 UTC
398,11800105,4,4,,5,5,5,4,2020-01-01 04:05:02 UTC
399,11800105,4,3,,3,5,3,3,2020-01-01 04:05:02 UTC
400,11800105,5,,,5,5,5,5,2020-01-01 04:05:02 UTC
401,11800105,3,,,3,5,5,3,2020-01-01 04:05:02 UTC
402,11800105,4,,,5,4,4,4,2020-01-01 04:05:02 UTC
403,11800105,4,,,3,3,3,3,2020-01-01 04:05:02 UTC
404,11800105,4,,,5,5,4,4,2020-01-01 04:05:02 UTC
405,11800105,4,,,5,3,4,4,2020-01-01 04:05:02 UTC
406,11800105,3,5,5,3,3,5,4,2020-01-01 04:05:02 UTC
407,11800105,5,5,4,3,4,4,4,2020-01-01 04:05:02 UTC
408,11800105,3,4,3,4,3,4,3,2020-01-01 04:05:02 UTC
409,11800105,3,3,5,5,4,4,3,2020-01-01 04:05:02 UTC
410,11800105,3,4,5,5,5,5,3,2020-01-01 04:05:02 UTC
411,11800105,5,5,4,3,3,3,3,2020-01-01 04:05:02 UTC
412,11800105,,3,3,4,4,5,3,2020-01-01 04:05:02 UTC
413,11800105,,4,4,5,4,,5,2020-01-01 04:05:02 UTC
414,11800105,,3,3,4,4,,3,2020-01-01 04:05:02 UTC
415,11800105,,3,4,3,3,,5,2020-01-01 04:05:02 UTC
416,11800105,,3,5,5,4,,4,2020-01-01 04:05:02 UTC
417,11800105,,4,3,5,3,,5,2020-01-01 04:05:02 UTC
418,11800105,5,4,3,3,3,,5,2020-01-01 04:05:02 UTC
419,11800105,4,5,4,3,4,,3,2020-01-01 04:05:02 UTC
420,11800105,4,5,3,3,3,,3,2020-01-01 04:05:02 UTC
421,11800105,5,4,4,5,3,4,4,2020-01-01 04:05:02 UTC
422,11800105,4,4,,3,5,4,5,2020-01-01 04:05:02 UTC
423,11800105,5,5,,4,3,5,4,2020-01-01 04:05:02 UTC
424,11800105,4,5,,4,3,3,4,2020-01-01 04:05:02 UTC
425,11800105,3,4,4,3,5,3,3,2020-01-01 04:05:02 UTC
426,11800105,5,4,4,5,4,4,4,2020-01-01 04:05:02 UTC
427,11800105,3,3,3,5,4,3,5,2020-01-01 04:05:02 UTC
428,11800105,4,5,4,3,3,3,3,2020-01-01 04:05:02 UTC
429,11800105,5,4,4,3,5,4,5,2020-01-01 04:05:02 UTC
430,11800105,3,3,3,3,4,3,4,2020-01-01 04:05:02 UTC
431,11800105,5,5,3,4,5,5,3,2020-01-01 04:05:02 UTC
432,11800105,3,,4,3,3,3,4,2020-01-01 04:05:02 UTC
433,11800105,3,,5,3,4,4,3,2020-01-01 04:05:02 UTC
434,11800105,5,,5,5,4,5,4,2020-01-01 04:05:02 UTC
435,11800105,3,,3,5,4,5,4,2020-01-01 04:05:02 UTC
436,11800105,5,,4,3,5,5,3,2020-01-01 04:05:02 UTC
437,11800105,4,,5,3,5,4,4,2020-01-01 04:05:02 UTC
438,11800105,4,,4,3,5,4,5,2020-01-01 04:05:02 UTC
439,11800105,5,,3,4,3,3,3,2020-01-01 04:05:02 UTC
440,11800105,4,,3,4,4,5,3,2020-01-01 04:05:02 UTC
441,11800105,3,,5,5,3,5,3,2020-01-01 04:05:02 UTC
442,11800105,3,,5,5,5,4,4,2020-01-01 04:05:02 UTC
443,11800105,3,,3,5,5,5,4,2020-01-01 04:05:02 UTC
444,11800105,3,,5,4,3,5,3,2020-01-01 04:05:02 UTC
445,11800105,5,,,3,3,3,3,2020-01-01 04:05:02 UTC
446,11800105,4,,,4,5,5,3,2020-01-01 04:05:02 UTC
447,11800105,4,,,4,4,5,3,2020-01-01 04:05:02 UTC
448,11800105,5,3,5,5,3,5,4,2020-01-01 04:05:02 UTC
449,11800105,3,3,4,5,4,5,5,2020-01-01 04:05:02 UTC
450,11800105,4,4,5,3,5,5,4,2020-01-01 04:05:02 UTC
451,11800105,3,4,4,3,4,4,5,2020-01-01 04:05:02 UTC
452,11800105,3,3,4,3,5,5,4,2020-01-01 04:05:02 UTC
453,11800105,4,5,4,5,3,4,4,2020-01-01 04:05:02 UTC
454,11800105,3,5,5,4,5,5,3,2020-01-01 04:05:02 UTC
455,11800105,4,4,3,5,3,4,4,2020-01-01 04:05:02 UTC
456,11800105,4,5,4,5,5,4,4,2020-01-01 04:05:02 UTC
457,11800105,3,3,3,3,4,5,5,2020-01-01 04:05:02 UTC
458,11800105,5,5,3,3,5,3,5,2020-01-01 04:05:02 UTC
459,11800105,3,4,3,3,3,3,4,2020-01-01 04:05:02 UTC
460,11800105,4,4,4,4,3,3,5,2020-01-01 04:05:02 UTC
461,11800105,3,3,5,3,5,4,3,2020-01-01 04:05:02 UTC
462,11800105,3,5,3,4,5,4,5,2020-01-01 04:05:02 UTC
463,11800105,3,5,3,5,4,3,4,2020-01-01 04:05:02 UTC
464,11800105,5,4,3,4,4,5,3,2020-01-01 04:05:02 UTC
465,11800105,5,3,4,5,5,5,3,2020-01-01 04:05:02 UTC
466,11800105,3,4,4,3,4,4,4,2020-01-01 04:05:02 UTC
467,11800105,4,5,4,4,5,3,5,2020-01-01 04:05:02 UTC
468,11800105,4,,4,5,4,4,5,2020-01-01 04:05:02 UTC
469,11800105,5,,3,4,,3,4,2020-01-01 04:05:02 UTC
470,11800105,3,3,4,5,,4,5,2020-01-01 04:05:02 UTC
471,11800105,3,4,3,3,,3,4,2020-01-01 04:05:02 UTC
472,11800105,3,3,4,3,,4,5,2020-01-01 04:05:02 UTC
473,11800105,3,3,3,3,3,4,4,2020-01-01 04:05:02 UTC
474,11800105,4,3,3,5,5,3,4,2020-01-01 04:05:02 UTC
475,11800105,3,5,3,4,3,5,3,2020-01-01 04:05:02 UTC
476,11800105,4,3,4,5,3,5,3,2020-01-01 04:05:02 UTC
477,11800105,4,4,4,5,3,4,3,2020-01-01 04:05:02 UTC
478,11800105,5,5,3,3,3,3,5,2020-01-01 04:05:02 UTC
479,11800105,5,4,5,4,3,5,4,2020-01-01 04:05:02 UTC
480,11800105,3,4,5,5,3,5,4,2020-01-01 04:05:02 UTC
481,11800105,3,5,5,5,3,3,3,2020-01-01 04:05:02 UTC
482,11800105,5,4,3,3,4,4,5,2020-01-01 04:05:02 UTC
483,11800105,3,4,5,3,5,3,3,2020-01-01 04:05:02 UTC
484,11800105,5,3,3,5,3,4,4,2020-01-01 04:05:02 UTC
485,11800105,4,3,3,3,4,4,5,2020-01-01 04:05:02 UTC
486,11800105,4,5,5,,,3,5,2020-01-01 04:05:02 UTC
487,11800105,5,3,5,,,4,4,2020-01-01 04:05:02 UTC
488,11800105,3,4,4,,,4,5,2020-01-01 04:05:02 UTC
489,11800105,4,5,3,,,3,3,2020-01-01 04:05:02 UTC
490,11800105,4,4,4,5,3,5,3,2020-01-01 04:05:02 UTC
491,11800105,5,3,4,5,5,3,3,2020-01-01 04:05:02 UTC
492,11800105,4,5,5,4,4,4,5,2020-01-01 04:05:02 UTC
493,11800105,4,3,3,5,4,3,4,2020-01-01 04:05:02 UTC
494,11800105,5,5,3,5,5,4,3,2020-01-01 04:05:02 UTC
495,11800105,4,5,3,4,3,,5,2020-01-01 04:05:02 UTC
496,11800105,4,5,4,5,3,,3,2020-01-01 04:05:02 UTC
497,11800105,4,4,3,3,3,,3,2020-01-01 04:05:02 UTC
498,11800105,4,3,4,5,5,,4,2020-01-01 04:05:02 UTC
499,11800105,3,3,5,4,5,,3,2020-01-01 04:05:02 UTC
500,11800105,4,4,4,5,4,,4,2020-01-01 04:05:02 UTC
501,11800105,4,4,3,4,5,,5,2020-01-01 04:05:02 UTC
502,11800105,5,5,4,3,3,,3,2020-01-01 04:05:02 UTC
503,11800105,5,5,5,5,4,,5,2020-01-01 04:05:02 UTC
504,11800105,3,,3,4,3,3,4,2020-01-01 04:05:02 UTC
505,11800105,5,,3,4,4,3,4,2020-01-01 04:05:02 UTC
506,11800105,3,,5,4,3,4,3,2020-01-01 04:05:02 UTC
507,11800105,5,5,3,5,5,3,5,2020-01-01 04:05:02 UTC
508,11800105,4,4,4,3,3,5,3,2020-01-01 04:05:02 UTC
509,11800105,3,4,5,4,5,5,3,2020-01-01 04:05:02 UTC
510,11800105,3,4,3,5,3,4,3,2020-01-01 04:05:02 UTC
511,11800105,4,5,5,3,3,4,4,2020-01-01 04:05:02 UTC
512,11800105,4,3,4,5,3,4,4,2020-01-01 04:05:02 UTC
513,11800105,3,4,3,3,3,3,5,2020-01-01 04:05:02 UTC
514,11800105,3,3,5,5,3,3,5,2020-01-01 04:05:02 UTC
515,11800105,4,3,4,5,4,4,4,2020-01-01 04:05:02 UTC
516,11800105,5,4,4,4,3,4,3,2020-01-01 04:05:02 UTC
517,11800105,5,4,5,4,3,3,4,2020-01-01 04:05:02 UTC
518,11800105,3,5,5,5,3,3,5,2020-01-01 04:05:02 UTC
519,11800105,3,5,4,3,5,3,4,2020-01-01 04:05:02 UTC
520,11800105,3,5,4,3,4,5,3,2020-01-01 04:05:02 UTC
521,11800105,3,4,3,5,5,4,4,2020-01-01 04:05:02 UTC
522,11800105,5,4,3,4,4,5,3,2020-01-01 04:05:02 UTC
523,11800105,4,3,4,4,3,4,5,2020-01-01 04:05:02 UTC
524,11800105,4,4,4,5,5,3,5,2020-01-01 04:05:02 UTC
525,11800105,,5,3,,3,5,4,2020-01-01 04:05:02 UTC
526,11800105,,3,5,,4,3,,2020-01-01 04:05:02 UTC
527,11800105,4,3,4,,3,3,,2020-01-01 04:05:02 UTC
528,11800105,4,4,4,,3,5,,2020-01-01 04:05:02 UTC
529,11800105,5,3,3,,5,3,,2020-01-01 04:05:02 UTC
530,11800105,4,5,5,,4,3,,2020-01-01 04:05:02 UTC
531,11800105,3,5,4,,4,5,,2020-01-01 04:05:02 UTC
532,11800105,5,3,5,,3,5,,2020-01-01 04:05:02 UTC
533,11800105,5,3,,,5,3,,2020-01-01 04:05:02 UTC
534,11800105,3,3,,,5,5,,2020-01-01 04:05:02 UTC
535,11800105,5,4,,,3,5,,2020-01-01 04:05:02 UTC
536,11800105,3,5,,,5,3,,2020-01-01 04:05:02 UTC
537,11800105,5,5,,,4,3,,2020-01-01 04:05:02 UTC
538,11800105,5,5,,,3,3,5,2020-01-01 04:05:02 UTC
539,11800105,4,3,,,5,5,4,2020-01-01 04:05:02 UTC
540,11800105,3,3,,,4,5,5,2020-01-01 04:05:02 UTC
541,11800105,3,5,,3,3,4,5,2020-01-01 04:05:02 UTC
542,11800105,5,5,,4,5,5,5,2020-01-01 04:05:02 UTC
543,11800105,5,5,,3,5,4,3,2020-01-01 04:05:02 UTC
544,11800105,4,4,3,5,5,3,4,2020-01-01 04:05:02 UTC
545,11800105,5,4,3,3,3,5,4,2020-01-01 04:05:02 UTC
546,11800105,5,5,4,4,4,3,4,2020-01-01 04:05:02 UTC
547,11800105,4,5,3,5,4,5,3,2020-01-01 04:05:02 UTC
548,11800105,3,5,5,5,4,5,5,2020-01-01 04:05:02 UTC
549,11800105,5,,5,5,3,5,3,2020-01-01 04:05:02 UTC
550,11800105,4,,5,3,,4,5,2020-01-01 04:05:02 UTC
551,11800105,3,,4,5,,3,5,2020-01-01 04:05:02 UTC
552,11800105,4,,4,3,,4,4,2020-01-01 04:05:02 UTC
553,11800105,5,4,4,5,3,4,5,2020-01-01 04:05:02 UTC
554,11800105,3,5,5,5,3,3,5,2020-01-01 04:05:02 UTC
555,11800105,5,3,3,5,5,4,3,2020-01-01 04:05:02 UTC
556,11800105,5,5,3,4,,,,2020-01-01 04:05:02 UTC
557,11104105,3,5,5,4,3,5,5,2020-01-01 04:05:02 UTC
558,11104105,4,3,3,4,3,4,5,2020-01-01 04:05:02 UTC
559,11104105,3,4,4,5,5,4,4,2020-01-01 04:05:02 UTC
560,11104105,4,5,4,3,5,5,4,2020-01-01 04:05:02 UTC
561,11104105,5,5,5,5,3,5,4,2020-01-01 04:05:02 UTC
562,11104105,,4,4,4,5,3,3,2020-01-01 04:05:02 UTC
563,11104105,,3,5,4,3,5,3,2020-01-01 04:05:02 UTC
564,11104105,,5,3,5,4,3,5,2020-01-01 04:05:02 UTC
565,11104105,,5,5,4,3,,5,2020-01-01 04:05:02 UTC
566,11104105,,4,4,4,4,,4,2020-01-01 04:05:02 UTC
567,11104105,,4,3,4,5,,4,2020-01-01 04:05:02 UTC
568,11104105,3,5,5,4,3,,5,2020-01-01 04:05:02 UTC
569,11104105,5,5,3,4,5,,3,2020-01-01 04:05:02 UTC
570,11104105,4,5,,4,3,,5,2020-01-01 04:05:02 UTC
571,11104105,3,3,,5,3,,4,2020-01-01 04:05:02 UTC
572,11104105,3,5,,3,3,,4,2020-01-01 04:05:02 UTC
573,11104105,3,4,,5,5,,5,2020-01-01 04:05:02 UTC
574,11104105,4,3,3,3,4,3,3,2020-01-01 04:05:02 UTC
575,11104105,5,4,5,3,3,3,4,2020-01-01 04:05:02 UTC
576,11104105,3,4,4,3,4,4,3,2020-01-01 04:05:02 UTC
577,11104105,5,5,5,4,4,5,4,2020-01-01 04:05:02 UTC
578,11104105,4,5,4,,5,5,4,2020-01-01 04:05:02 UTC
579,11104105,5,3,5,,5,4,3,2020-01-01 04:05:02 UTC
580,11104105,,,3,,3,3,4,2020-01-01 04:05:02 UTC
581,11104105,,,4,,3,4,5,2020-01-01 04:05:02 UTC
582,11104105,,,3,,5,4,5,2020-01-01 04:05:02 UTC
583,11104105,3,4,3,4,5,4,4,2020-01-01 04:05:02 UTC
584,11104105,3,4,4,4,5,4,5,2020-01-01 04:05:02 UTC
585,11104105,5,5,5,3,3,4,5,2020-01-01 04:05:02 UTC
586,11104105,3,4,5,3,4,3,4,2020-01-01 04:05:02 UTC
587,11104105,4,5,4,5,5,5,3,2020-01-01 04:05:02 UTC
588,11104105,5,3,4,4,5,3,4,2020-01-01 04:05:02 UTC
589,11104105,5,,4,3,,,,2020-01-01 04:05:02 UTC
590,11104105,3,3,3,5,5,4,4,2020-01-01 04:05:02 UTC
591,11104105,4,4,5,5,5,3,4,2020-01-01 04:05:02 UTC
592,11104105,5,,,,4,4,5,2020-01-01 04:05:02 UTC
593,11104105,5,4,5,5,5,4,3,2020-01-01 04:05:02 UTC
594,11104105,5,4,5,4,4,4,4,2020-01-01 04:05:02 UTC
595,11801205,4,5,4,4,3,3,3,2020-01-01 04:05:02 UTC
596,11801205,5,4,4,4,3,4,4,2020-01-01 04:05:02 UTC
597,11801205,4,4,5,5,,,,2020-01-01 04:05:02 UTC
598,11801205,5,3,5,5,,,,2020-01-01 04:05:02 UTC
599,11801205,5,4,4,3,,,,2020-01-01 04:05:02 UTC
600,11801205,4,5,3,4,3,5,4,2020-01-01 04:05:02 UTC
601,11801205,4,3,5,4,4,3,4,2020-01-01 04:05:02 UTC
602,11801205,5,3,4,4,5,3,4,2020-01-01 04:05:02 UTC
603,11801205,4,4,4,3,5,3,4,2020-01-01 04:05:02 UTC
604,11801205,4,3,3,5,5,5,3,2020-01-01 04:05:02 UTC
605,11801205,4,,,,,4,4,2020-01-01 04:05:02 UTC
606,11801205,5,,,,,5,4,2020-01-01 04:05:02 UTC
607,11801205,4,4,4,3,4,4,4,2020-01-01 04:05:02 UTC
608,11801205,3,3,3,4,4,5,5,2020-01-01 04:05:02 UTC
609,11801205,3,5,3,3,3,3,4,2020-01-01 04:05:02 UTC
610,11801205,5,5,5,4,4,,4,2020-01-01 04:05:02 UTC
611,11801205,5,5,4,3,5,,5,2020-01-01 04:05:02 UTC
612,11801205,3,5,3,5,5,,4,2020-01-01 04:05:02 UTC
613,11801205,4,3,5,5,5,,4,2020-01-01 04:05:02 UTC
614,11801205,5,5,4,4,3,,5,2020-01-01 04:05:02 UTC
615,11801205,5,3,3,3,3,,3,2020-01-01 04:05:02 UTC
616,11801205,5,4,4,3,4,4,5,2020-01-01 04:05:02 UTC
617,11801205,3,4,4,4,5,3,3,2020-01-01 04:05:02 UTC
618,11801205,4,4,4,5,3,5,3,2020-01-01 04:05:02 UTC
619,11801205,5,4,4,4,5,4,3,2020-01-01 04:05:02 UTC
620,11801205,4,4,4,3,5,5,4,2020-01-01 04:05:02 UTC
621,11801205,3,3,3,4,4,3,3,2020-01-01 04:05:02 UTC
622,11801205,4,5,4,4,4,5,5,2020-01-01 04:05:02 UTC
623,11801205,5,4,4,3,5,3,5,2020-01-01 04:05:02 UTC
624,11801205,5,5,4,4,5,3,5,2020-01-01 04:05:02 UTC
625,11801205,4,5,4,3,4,4,3,2020-01-01 04:05:02 UTC
626,11801205,5,5,5,,4,4,4,2020-01-01 04:05:02 UTC
627,11801205,4,3,4,,5,3,5,2020-01-01 04:05:02 UTC
628,11801205,4,5,5,4,5,4,4,2020-01-01 04:05:02 UTC
629,11801205,4,3,4,5,3,4,4,2020-01-01 04:05:02 UTC
630,11801205,3,5,4,3,3,3,3,2020-01-01 04:05:02 UTC
631,11801205,3,3,5,4,5,3,3,2020-01-01 04:05:02 UTC
632,11801205,4,3,3,4,3,5,5,2020-01-01 04:05:02 UTC
633,11801205,3,5,5,3,5,5,3,2020-01-01 04:05:02 UTC
634,11801205,4,3,4,5,4,4,5,2020-01-01 04:05:02 UTC
635,11801205,5,3,3,5,3,5,4,2020-01-01 04:05:02 UTC
636,11801205,5,5,3,5,5,4,4,2020-01-01 04:05:02 UTC
637,11801205,,,3,5,3,4,5,2020-01-01 04:05:02 UTC
638,11801205,,,4,3,3,4,3,2020-01-01 04:05:02 UTC
639,11801205,,,4,5,4,3,3,2020-01-01 04:05:02 UTC
640,11801205,,,4,4,5,5,3,2020-01-01 04:05:02 UTC
641,11801205,,,3,4,3,4,4,2020-01-01 04:05:02 UTC
642,11801205,3,4,5,5,5,4,3,2020-01-01 04:05:02 UTC
643,11801205,4,4,3,3,5,5,3,2020-01-01 04:05:02 UTC
644,11801205,5,5,3,5,5,3,4,2020-01-01 04:05:02 UTC
645,11801205,3,3,4,5,3,4,5,2020-01-01 04:05:02 UTC
646,11801205,4,5,5,4,4,4,,2020-01-01 04:05:02 UTC
647,11801205,3,3,3,3,3,4,,2020-01-01 04:05:02 UTC
648,11801205,4,3,4,3,5,4,,2020-01-01 04:05:02 UTC
649,11801205,3,3,5,3,5,4,3,2020-01-01 04:05:02 UTC
650,11801205,4,4,5,5,4,4,3,2020-01-01 04:05:02 UTC
651,11801205,3,3,3,,,4,4,2020-01-01 04:05:02 UTC
652,11801205,,4,5,,,5,4,2020-01-01 04:05:02 UTC
653,11801205,,5,4,,,4,4,2020-01-01 04:05:02 UTC
654,11801205,,4,4,3,4,3,5,2020-01-01 04:05:02 UTC
655,11801205,,5,3,5,5,3,4,2020-01-01 04:05:02 UTC
656,11801205,,5,3,3,3,5,5,2020-01-01 04:05:02 UTC
657,11801205,,4,3,3,4,3,4,2020-01-01 04:05:02 UTC
658,11801205,,5,5,4,3,5,3,2020-01-01 04:05:02 UTC
659,11801205,4,3,5,5,3,4,3,2020-01-01 04:05:02 UTC
660,11801205,5,4,,5,3,4,3,2020-01-01 04:05:02 UTC
661,11801205,5,4,,5,3,5,4,2020-01-01 04:05:02 UTC
662,11801205,3,4,,3,4,5,3,2020-01-01 04:05:02 UTC
663,11801205,5,3,,3,3,3,3,2020-01-01 04:05:02 UTC
664,11801205,5,5,,3,4,4,3,2020-01-01 04:05:02 UTC
665,11801205,4,5,,3,3,5,5,2020-01-01 04:05:02 UTC
666,11801205,3,5,,4,4,5,5,2020-01-01 04:05:02 UTC
667,11801205,5,4,,4,3,4,3,2020-01-01 04:05:02 UTC
668,11801205,5,4,,4,3,4,5,2020-01-01 04:05:02 UTC
669,11801205,3,5,4,3,5,5,5,2020-01-01 04:05:02 UTC
670,11801205,3,4,3,5,5,3,4,2020-01-01 04:05:02 UTC
671,11801205,5,3,5,4,5,,,2020-01-01 04:05:02 UTC
672,11801205,5,4,3,4,5,,,2020-01-01 04:05:02 UTC
673,11801205,4,4,3,5,5,,,2020-01-01 04:05:02 UTC
674,11801205,4,3,4,3,4,5,3,2020-01-01 04:05:02 UTC
675,11801205,4,4,4,3,4,5,3,2020-01-01 04:05:02 UTC
676,11801205,4,5,3,4,4,3,3,2020-01-01 04:05:02 UTC
677,11802305,3,3,4,5,4,4,4,2020-01-01 04:05:02 UTC
678,11802305,3,,,5,5,4,3,2020-01-01 04:05:02 UTC
679,11802305,3,,,4,3,4,4,2020-01-01 04:05:02 UTC
680,11802305,4,,,4,5,4,4,2020-01-01 04:05:02 UTC
681,11802305,3,5,4,5,5,4,3,2020-01-01 04:05:02 UTC
682,11802305,3,4,3,5,4,4,5,2020-01-01 04:05:02 UTC
683,11802305,5,3,4,5,4,5,4,2020-01-01 04:05:02 UTC
684,11802305,5,5,5,5,4,4,3,2020-01-01 04:05:02 UTC
685,11802305,3,5,3,3,4,5,4,2020-01-01 04:05:02 UTC
686,11802305,3,3,4,5,3,5,3,2020-01-01 04:05:02 UTC
687,11802305,4,5,3,3,4,5,4,2020-01-01 04:05:02 UTC
688,11802305,5,4,4,3,4,3,4,2020-01-01 04:05:02 UTC
689,11802305,3,4,5,4,3,5,4,2020-01-01 04:05:02 UTC
690,11802305,5,4,3,3,3,4,5,2020-01-01 04:05:02 UTC
691,11802305,3,5,5,4,3,3,3,2020-01-01 04:05:02 UTC
692,11802305,5,5,5,5,5,4,3,2020-01-01 04:05:02 UTC
693,11802305,5,4,5,3,,,4,2020-01-01 04:05:02 UTC
694,11802305,4,3,5,3,,,5,2020-01-01 04:05:02 UTC
695,11802305,5,5,3,5,,,3,2020-01-01 04:05:02 UTC
696,11802305,5,3,4,4,,,5,2020-01-01 04:05:02 UTC
697,11802305,4,5,4,4,,,3,2020-01-01 04:05:02 UTC
698,11802305,5,5,4,3,3,3,3,2020-01-01 04:05:02 UTC
699,11802305,5,4,5,4,4,4,4,2020-01-01 04:05:02 UTC
700,11802305,3,3,3,3,4,5,4,2020-01-01 04:05:02 UTC
701,11802305,5,3,4,4,5,3,5,2020-01-01 04:05:02 UTC
702,11802305,3,3,5,3,3,5,5,2020-01-01 04:05:02 UTC
703,11802305,5,5,3,5,4,4,3,2020-01-01 04:05:02 UTC
704,11802305,4,5,4,5,3,4,5,2020-01-01 04:05:02 UTC
705,11802305,3,3,5,3,5,3,4,2020-01-01 04:05:02 UTC
706,11802305,3,5,4,4,3,4,4,2020-01-01 04:05:02 UTC
707,11802305,3,3,5,5,4,5,5,2020-01-01 04:05:02 UTC
708,11802305,3,3,3,3,4,5,4,2020-01-01 04:05:02 UTC
709,11802305,5,4,5,4,5,4,5,2020-01-01 04:05:02 UTC
710,11802305,4,4,5,3,5,5,4,2020-01-01 04:05:02 UTC
711,11802305,5,4,5,5,5,4,4,2020-01-01 04:05:02 UTC
712,11802305,3,4,3,4,4,3,4,2020-01-01 04:05:02 UTC
713,11802305,4,4,3,3,3,4,3,2020-01-01 04:05:02 UTC
714,11802305,5,5,4,3,4,3,3,2020-01-01 04:05:02 UTC
715,11802305,5,4,4,3,3,5,4,2020-01-01 04:05:02 UTC
716,11802305,5,3,3,4,4,5,3,2020-01-01 04:05:02 UTC
717,11802305,3,,4,3,5,4,5,2020-01-01 04:05:02 UTC
718,11802305,4,,3,3,3,4,3,2020-01-01 04:05:02 UTC
719,11802305,4,,5,4,4,3,4,2020-01-01 04:05:02 UTC
720,11802305,4,,5,5,3,3,5,2020-01-01 04:05:02 UTC
721,11802305,4,,3,3,4,4,4,2020-01-01 04:05:02 UTC
722,11802305,3,,3,5,5,3,5,2020-01-01 04:05:02 UTC
723,11802305,4,,3,5,3,5,5,2020-01-01 04:05:02 UTC
724,11802305,5,,5,4,4,5,5,2020-01-01 04:05:02 UTC
725,11802305,3,,4,3,3,4,5,2020-01-01 04:05:02 UTC
726,11802305,4,,5,5,3,5,5,2020-01-01 04:05:02 UTC
727,11802305,4,,5,4,3,3,5,2020-01-01 04:05:02 UTC
728,11802305,4,,3,4,5,4,5,2020-01-01 04:05:02 UTC
729,11802305,4,,5,5,5,3,5,2020-01-01 04:05:02 UTC
730,11802305,5,,3,3,3,4,3,2020-01-01 04:05:02 UTC
731,11802305,5,5,4,3,4,3,4,2020-01-01 04:05:02 UTC
732,11802305,3,4,4,5,3,5,3,2020-01-01 04:05:02 UTC
733,11802305,4,3,4,5,5,5,3,2020-01-01 04:05:02 UTC
734,11802305,5,3,4,5,4,4,5,2020-01-01 04:05:02 UTC
735,11802305,3,3,4,4,3,5,5,2020-01-01 04:05:02 UTC
736,11802305,3,5,3,4,5,4,4,2020-01-01 04:05:02 UTC
737,11802305,3,3,4,5,5,3,4,2020-01-01 04:05:02 UTC
738,11802305,3,5,5,4,5,5,4,2020-01-01 04:05:02 UTC
739,11802305,4,4,5,3,5,3,5,2020-01-01 04:05:02 UTC
740,11802305,5,3,4,5,3,3,5,2020-01-01 04:05:02 UTC
741,11802305,3,3,5,5,5,3,5,2020-01-01 04:05:02 UTC
742,11802305,5,5,4,4,4,4,3,2020-01-01 04:05:02 UTC
743,11802305,4,3,5,5,5,5,3,2020-01-01 04:05:02 UTC
744,11802305,5,5,4,4,5,3,4,2020-01-01 04:05:02 UTC
745,11802305,5,5,4,4,4,5,4,2020-01-01 04:05:02 UTC
746,11802305,4,3,5,3,4,4,3,2020-01-01 04:05:02 UTC
747,11802305,4,4,,,5,4,3,2020-01-01 04:05:02 UTC
748,11802305,4,3,,,5,5,3,2020-01-01 04:05:02 UTC
749,11802305,4,5,,,5,5,3,2020-01-01 04:05:02 UTC
750,11802305,5,5,,,3,4,3,2020-01-01 04:05:02 UTC
751,11802305,3,5,,,3,3,5,2020-01-01 04:05:02 UTC
752,11802305,5,3,,,4,3,5,2020-01-01 04:05:02 UTC
753,11802305,3,5,4,3,5,3,5,2020-01-01 04:05:02 UTC
754,11802305,4,4,4,3,5,3,4,2020-01-01 04:05:02 UTC
755,11802305,5,4,4,5,3,3,3,2020-01-01 04:05:02 UTC
756,11802305,5,3,3,3,3,3,3,2020-01-01 04:05:02 UTC
757,11802305,5,4,3,4,4,4,5,2020-01-01 04:05:02 UTC
758,11802305,3,5,3,3,4,3,4,2020-01-01 04:05:02 UTC
759,11802305,5,3,5,4,5,5,3,2020-01-01 04:05:02 UTC
760,11802305,3,4,4,3,3,5,5,2020-01-01 04:05:02 UTC
761,11802305,4,5,3,5,3,5,5,2020-01-01 04:05:02 UTC
762,11802305,3,4,4,3,3,3,4,2020-01-01 04:05:02 UTC
763,11802305,3,5,4,5,5,5,4,2020-01-01 04:05:02 UTC
764,11802305,5,4,3,5,3,3,5,2020-01-01 04:05:02 UTC
765,11802305,3,4,3,4,5,4,4,2020-01-01 04:05:02 UTC
766,11802305,5,4,5,5,4,5,3,2020-01-01 04:05:02 UTC
767,11802305,4,4,3,3,3,3,3,2020-01-01 04:05:02 UTC
768,11802305,5,4,3,3,3,4,4,2020-01-01 04:05:02 UTC
769,11802305,3,5,5,3,3,4,4,2020-01-01 04:05:02 UTC
770,11802305,5,5,4,4,4,4,5,2020-01-01 04:05:02 UTC
771,11802305,3,3,3,3,3,3,3,2020-01-01 04:05:02 UTC
772,11802305,5,3,4,3,5,4,4,2020-01-01 04:05:02 UTC
773,11802305,3,5,3,4,4,5,3,2020-01-01 04:05:02 UTC
774,11802305,4,4,4,4,3,5,3,2020-01-01 04:05:02 UTC
775,11802305,3,4,5,3,4,4,3,2020-01-01 04:05:02 UTC
776,11802305,5,3,3,3,3,5,5,2020-01-01 04:05:02 UTC
777,11802305,3,4,4,5,4,4,3,2020-01-01 04:05:02 UTC
778,11802305,3,4,4,3,4,4,4,2020-01-01 04:05:02 UTC
779,11802305,5,4,3,3,3,3,5,2020-01-01 04:05:02 UTC
780,11802305,5,4,3,4,5,3,3,2020-01-01 04:05:02 UTC
781,11802305,3,5,5,4,3,4,4,2020-01-01 04:05:02 UTC
782,11802305,4,4,5,4,5,4,4,2020-01-01 04:05:02 UTC
783,11802305,5,5,5,5,3,4,3,2020-01-01 04:05:02 UTC
784,11802305,5,5,3,5,4,3,3,2020-01-01 04:05:02 UTC
785,11802305,3,5,5,3,4,4,4,2020-01-01 04:05:02 UTC
786,11802305,5,4,4,3,3,4,3,2020-01-01 04:05:02 UTC
787,11802305,3,5,5,5,4,4,3,2020-01-01 04:05:02 UTC
788,11802305,4,4,4,3,3,4,4,2020-01-01 04:05:02 UTC
789,11802305,5,4,5,5,3,3,3,2020-01-01 04:05:02 UTC
790,11802305,4,4,3,3,5,4,5,2020-01-01 04:05:02 UTC
791,11802305,3,3,4,3,3,5,5,2020-01-01 04:05:02 UTC
792,11802305,5,4,5,5,4,4,3,2020-01-01 04:05:02 UTC
793,11802305,3,4,3,3,3,3,5,2020-01-01 04:05:02 UTC
794,11802305,3,5,3,3,5,3,4,2020-01-01 04:05:02 UTC
795,11802305,3,5,,,4,3,4,2020-01-01 04:05:02 UTC
796,11802305,3,3,,,3,3,3,2020-01-01 04:05:02 UTC
797,11802305,3,5,,,3,4,4,2020-01-01 04:05:02 UTC
798,11802305,3,5,,,5,3,4,2020-01-01 04:05:02 UTC
799,11802305,3,3,,,3,5,4,2020-01-01 04:05:02 UTC
800,11802305,5,4,,,4,3,5,2020-01-01 04:05:02 UTC
801,11802305,3,4,,,4,3,5,2020-01-01 04:05:02 UTC
802,11802305,3,4,3,5,3,4,4,2020-01-01 04:05:02 UTC
803,11802305,4,5,3,4,4,3,5,2020-01-01 04:05:02 UTC
804,11802305,4,5,4,3,4,4,5,2020-01-01 04:05:02 UTC
805,11802305,4,5,3,5,3,5,3,2020-01-01 04:05:02 UTC
806,11802305,5,4,5,5,4,5,4,2020-01-01 04:05:02 UTC
807,11802305,5,4,3,4,5,5,5,2020-01-01 04:05:02 UTC
808,11802305,5,5,4,5,4,4,5,2020-01-01 04:05:02 UTC
809,11802305,3,5,3,4,3,5,4,2020-01-01 04:05:02 UTC
810,11802305,3,5,4,5,5,3,4,2020-01-01 04:05:02 UTC
811,11802305,4,4,5,3,3,3,5,2020-01-01 04:05:02 UTC
812,11802305,4,5,5,3,5,3,3,2020-01-01 04:05:02 UTC
813,11802305,4,5,4,5,5,5,4,2020-01-01 04:05:02 UTC
814,11802305,4,5,4,3,3,4,4,2020-01-01 04:05:02 UTC
815,11802305,4,3,4,5,5,4,3,2020-01-01 04:05:02 UTC
816,11802305,5,5,4,3,4,3,4,2020-01-01 04:05:02 UTC
817,11802305,5,5,5,4,4,5,5,2020-01-01 04:05:02 UTC
818,11802305,4,4,4,4,4,4,4,2020-01-01 04:05:02 UTC
819,11802305,4,3,5,4,5,4,4,2020-01-01 04:05:02 UTC
820,11802305,4,5,5,4,4,5,4,2020-01-01 04:05:02 UTC
821,11802305,5,3,4,4,3,4,5,2020-01-01 04:05:02 UTC
822,11802305,5,4,4,3,4,5,3,2020-01-01 04:05:02 UTC
823,11802305,4,3,,,3,5,4,2020-01-01 04:05:02 UTC
824,11802305,4,3,,,3,3,3,2020-01-01 04:05:02 UTC
825,11802305,3,4,,,3,4,5,2020-01-01 04:05:02 UTC
826,11802305,5,4,,,4,4,4,2020-01-01 04:05:02 UTC
827,11802305,5,4,,,4,4,4,2020-01-01 04:05:02 UTC
828,11802305,4,5,4,5,5,3,4,2020-01-01 04:05:02 UTC
829,11802305,5,4,4,5,5,4,5,2020-01-01 04:05:02 UTC
830,11802305,5,3,3,5,3,5,5,2020-01-01 04:05:02 UTC
831,11802305,5,5,4,5,3,5,3,2020-01-01 04:05:02 UTC
832,11802305,4,4,4,5,5,3,5,2020-01-01 04:05:02 UTC
833,11802305,3,3,4,4,3,4,3,2020-01-01 04:05:02 UTC
834,11802305,5,3,5,5,4,5,5,2020-01-01 04:05:02 UTC
835,11802305,4,5,5,5,3,3,5,2020-01-01 04:05:02 UTC
836,11802305,4,3,3,3,5,4,3,2020-01-01 04:05:02 UTC
837,11802305,5,3,5,5,5,4,3,2020-01-01 04:05:02 UTC
838,11802305,3,3,4,4,5,,5,2020-01-01 04:05:02 UTC
839,11802305,5,3,5,4,5,,3,2020-01-01 04:05:02 UTC
840,11802305,3,4,4,3,4,,4,2020-01-01 04:05:02 UTC
841,11802305,5,4,4,4,5,,4,2020-01-01 04:05:02 UTC
842,11802305,3,5,5,3,4,,3,2020-01-01 04:05:02 UTC
843,11802305,3,4,5,4,5,,3,2020-01-01 04:05:02 UTC
844,11802305,5,,5,,5,,4,2020-01-01 04:05:02 UTC
845,11802305,4,,4,,5,4,3,2020-01-01 04:05:02 UTC
846,11802305,3,,5,,4,3,4,2020-01-01 04:05:02 UTC
847,11802305,5,,,,3,3,5,2020-01-01 04:05:02 UTC
848,11802305,3,,,,4,5,4,2020-01-01 04:05:02 UTC
849,11802305,5,,,,4,4,4,2020-01-01 04:05:02 UTC
850,11802305,5,3,5,3,5,3,3,2020-01-01 04:05:02 UTC
851,11802305,4,5,4,4,5,3,4,2020-01-01 04:05:02 UTC
852,11802305,3,5,5,4,5,4,5,2020-01-01 04:05:02 UTC
853,11802305,4,5,5,5,5,4,3,2020-01-01 04:05:02 UTC
854,11802305,3,4,3,4,4,3,4,2020-01-01 04:05:02 UTC
855,11802305,4,4,4,5,4,5,3,2020-01-01 04:05:02 UTC
856,11802305,4,3,4,5,4,4,3,2020-01-01 04:05:02 UTC
857,11802305,4,3,4,3,3,4,5,2020-01-01 04:05:02 UTC
858,11802305,,,,,4,5,3,2020-01-01 04:05:02 UTC
859,11802305,,,,,3,3,4,2020-01-01 04:05:02 UTC
860,11802305,,,,,3,5,5,2020-01-01 04:05:02 UTC
861,11802305,3,3,3,3,5,4,4,2020-01-01 04:05:02 UTC
862,11802305,4,3,5,3,4,5,5,2020-01-01 04:05:02 UTC
863,11802305,3,3,5,3,3,5,4,2020-01-01 04:05:02 UTC
864,11802305,3,4,3,3,5,3,4,2020-01-01 04:05:02 UTC
865,11802305,5,5,3,5,4,4,5,2020-01-01 04:05:02 UTC
866,11802305,4,3,3,5,4,5,5,2020-01-01 04:05:02 UTC
867,11802305,4,4,5,4,3,4,3,2020-01-01 04:05:02 UTC
868,11802305,4,5,4,3,3,5,5,2020-01-01 04:05:02 UTC
869,11802305,5,3,4,4,5,5,4,2020-01-01 04:05:02 UTC
870,11802305,5,4,5,5,5,4,5,2020-01-01 04:05:02 UTC
871,11802305,3,3,4,3,4,4,4,2020-01-01 04:05:02 UTC
872,11802305,3,,,5,5,3,4,2020-01-01 04:05:02 UTC
873,11802305,3,,,4,4,5,4,2020-01-01 04:05:02 UTC
874,11802305,3,,,4,3,4,5,2020-01-01 04:05:02 UTC
875,11802305,5,,,4,4,3,4,2020-01-01 04:05:02 UTC
876,11802305,3,,,3,5,5,3,2020-01-01 04:05:02 UTC
877,11802305,5,,,4,4,5,5,2020-01-01 04:05:02 UTC
878,11802305,5,,,5,3,3,4,2020-01-01 04:05:02 UTC
879,11802305,3,3,3,3,5,3,4,2020-01-01 04:05:02 UTC
880,11802305,5,5,3,4,5,4,3,2020-01-01 04:05:02 UTC
881,11802305,5,3,3,5,3,3,5,2020-01-01 04:05:02 UTC
882,11802305,4,4,3,3,4,3,5,2020-01-01 04:05:02 UTC
883,11802305,3,3,3,5,5,3,5,2020-01-01 04:05:02 UTC
884,11802305,4,4,4,4,4,4,5,2020-01-01 04:05:02 UTC
885,11802305,3,5,4,4,5,5,5,2020-01-01 04:05:02 UTC
886,11802305,3,4,3,3,4,3,5,2020-01-01 04:05:02 UTC
887,11802305,5,4,4,5,5,4,5,2020-01-01 04:05:02 UTC
888,11802305,3,5,5,5,4,3,4,2020-01-01 04:05:02 UTC
889,11802305,4,5,3,4,5,3,3,2020-01-01 04:05:02 UTC
890,11802305,5,4,3,5,5,5,4,2020-01-01 04:05:02 UTC
891,11802305,3,,4,5,,,3,2020-01-01 04:05:02 UTC
892,11802305,4,,5,5,,,4,2020-01-01 04:05:02 UTC
893,11802305,4,,3,3,,,3,2020-01-01 04:05:02 UTC
894,11802305,3,,4,4,,,3,2020-01-01 04:05:02 UTC
895,11802305,4,3,4,4,5,5,3,2020-01-01 04:05:02 UTC
896,11802305,5,4,4,4,5,3,5,2020-01-01 04:05:02 UTC
897,11802305,4,3,3,4,3,4,3,2020-01-01 04:05:02 UTC
898,11802305,3,3,4,4,5,3,5,2020-01-01 04:05:02 UTC
899,11802305,3,5,5,3,5,4,4,2020-01-01 04:05:02 UTC
900,11802305,3,5,5,3,5,5,3,2020-01-01 04:05:02 UTC
901,11802305,5,3,4,3,3,4,3,2020-01-01 04:05:02 UTC
902,11802305,5,3,3,4,5,4,4,2020-01-01 04:05:02 UTC
903,11802305,4,4,4,5,4,3,4,2020-01-01 04:05:02 UTC
904,11802305,4,4,5,3,5,3,3,2020-01-01 04:05:02 UTC
905,11802305,4,3,4,4,4,5,5,2020-01-01 04:05:02 UTC
906,11802305,3,5,4,5,5,3,4,2020-01-01 04:05:02 UTC
907,11802305,3,3,,5,4,4,4,2020-01-01 04:05:02 UTC
908,11802305,4,3,,5,5,4,3,2020-01-01 04:05:02 UTC
909,11802305,4,5,,4,5,3,5,2020-01-01 04:05:02 UTC
910,11802305,3,5,,3,3,4,3,2020-01-01 04:05:02 UTC
911,11802305,3,3,,3,5,3,3,2020-01-01 04:05:02 UTC
912,11802305,4,5,,5,3,4,3,2020-01-01 04:05:02 UTC
913,11802305,3,4,,3,3,3,3,2020-01-01 04:05:02 UTC
914,11802305,5,3,,5,3,3,3,2020-01-01 04:05:02 UTC
915,11802305,4,3,,3,4,5,3,2020-01-01 04:05:02 UTC
916,11802305,5,5,,4,4,4,5,2020-01-01 04:05:02 UTC
917,11802305,5,5,,3,4,4,3,2020-01-01 04:05:02 UTC
918,11802305,4,3,,4,5,4,5,2020-01-01 04:05:02 UTC
919,11802305,5,3,,4,3,5,3,2020-01-01 04:05:02 UTC
920,11802305,5,4,,5,,,4,2020-01-01 04:05:02 UTC
921,11802305,3,4,,4,,,3,2020-01-01 04:05:02 UTC
922,11802305,3,,,5,,,4,2020-01-01 04:05:02 UTC
923,11802305,4,,,5,,,4,2020-01-01 04:05:02 UTC
924,11802305,4,,,5,,,5,2020-01-01 04:05:02 UTC
925,11802305,5,4,3,5,5,3,3,2020-01-01 04:05:02 UTC
926,11802305,5,5,3,5,5,3,4,2020-01-01 04:05:02 UTC
927,11802305,4,4,5,4,5,3,5,2020-01-01 04:05:02 UTC
928,11802305,3,4,3,3,4,5,5,2020-01-01 04:05:02 UTC
929,11802305,4,5,4,5,4,3,3,2020-01-01 04:05:02 UTC
930,11802305,4,5,4,3,3,5,5,2020-01-01 04:05:02 UTC
931,11802305,5,5,3,4,5,4,4,2020-01-01 04:05:02 UTC
932,11802305,4,5,3,3,5,3,4,2020-01-01 04:05:02 UTC
933,11802305,4,5,3,5,3,4,4,2020-01-01 04:05:02 UTC
934,11802305,4,3,4,3,4,3,5,2020-01-01 04:05:02 UTC
935,11802305,5,,,,3,5,3,2020-01-01 04:05:02 UTC
936,11802305,5,,,,3,5,3,2020-01-01 04:05:02 UTC
937,11802305,3,,,,5,3,4,2020-01-01 04:05:02 UTC
938,11802305,4,,,,4,5,4,2020-01-01 04:05:02 UTC
939,11802305,4,,,,5,4,4,2020-01-01 04:05:02 UTC
940,11802305,3,3,5,5,5,4,5,2020-01-01 04:05:02 UTC
941,11802305,4,4,4,5,3,3,5,2020-01-01 04:05:02 UTC
942,11802305,5,3,5,5,5,4,4,2020-01-01 04:05:02 UTC
943,11802305,5,4,5,5,3,4,3,2020-01-01 04:05:02 UTC
944,11802305,5,3,4,3,4,4,3,2020-01-01 04:05:02 UTC
945,11802305,5,5,3,3,3,3,3,2020-01-01 04:05:02 UTC
946,11802305,3,5,4,5,,,5,2020-01-01 04:05:02 UTC
947,11802305,4,4,3,3,,,3,2020-01-01 04:05:02 UTC
948,11802305,5,3,4,4,,,5,2020-01-01 04:05:02 UTC
949,11802305,3,5,5,5,,,5,2020-01-01 04:05:02 UTC
950,11802305,3,5,3,4,,,5,2020-01-01 04:05:02 UTC
951,11802305,5,3,4,3,4,3,4,2020-01-01 04:05:02 UTC
952,11802305,3,3,5,5,5,3,5,2020-01-01 04:05:02 UTC
953,11802305,3,4,4,4,5,3,4,2020-01-01 04:05:02 UTC
954,11802305,5,5,3,3,4,3,5,2020-01-01 04:05:02 UTC
955,11802305,,3,5,5,4,4,4,2020-01-01 04:05:02 UTC
956,11802305,,3,5,3,5,4,3,2020-01-01 04:05:02 UTC
957,11802305,,3,5,5,5,3,5,2020-01-01 04:05:02 UTC
958,11802305,,4,4,4,5,5,4,2020-01-01 04:05:02 UTC
959,11802305,,3,3,4,5,5,4,2020-01-01 04:05:02 UTC
960,11802305,,3,5,5,4,4,4,2020-01-01 04:05:02 UTC
961,11802305,,5,4,,5,3,4,2020-01-01 04:05:02 UTC
962,11802305,4,3,3,,5,5,4,2020-01-01 04:05:02 UTC
963,11802305,5,5,3,,3,4,3,2020-01-01 04:05:02 UTC
964,11802305,3,3,3,,4,5,5,2020-01-01 04:05:02 UTC
965,11802305,4,4,5,,3,3,5,2020-01-01 04:05:02 UTC
966,11802305,3,3,4,3,4,5,5,2020-01-01 04:05:02 UTC
967,11802305,3,5,,,,3,4,2020-01-01 04:05:02 UTC
968,11802305,3,4,,,,3,4,2020-01-01 04:05:02 UTC
969,11802305,4,4,,,,3,5,2020-01-01 04:05:02 UTC
970,11802305,5,5,,,,4,4,2020-01-01 04:05:02 UTC
971,11802305,3,3,,,,3,3,2020-01-01 04:05:02 UTC
972,11802305,5,5,5,4,4,3,4,2020-01-01 04:05:02 UTC
973,11802305,3,3,3,5,3,3,4,2020-01-01 04:05:02 UTC
974,11802305,3,5,5,3,4,4,3,2020-01-01 04:05:02 UTC
975,11802305,3,5,3,4,4,5,4,2020-01-01 04:05:02 UTC
976,11802305,3,5,3,4,4,4,5,2020-01-01 04:05:02 UTC
977,11802305,5,4,3,4,4,4,3,2020-01-01 04:05:02 UTC
978,11802305,,,,,5,5,5,2020-01-01 04:05:02 UTC
979,11802305,,,,,5,4,3,2020-01-01 04:05:02 UTC
980,11802305,,,,,4,5,3,2020-01-01 04:05:02 UTC
981,11802305,3,3,5,3,4,5,5,2020-01-01 04:05:02 UTC
982,11802305,4,4,3,5,5,4,3,2020-01-01 04:05:02 UTC
983,11802305,4,4,5,3,4,5,4,2020-01-01 04:05:02 UTC
984,11802305,5,3,5,3,4,3,4,2020-01-01 04:05:02 UTC
985,11802305,3,5,5,5,3,4,5,2020-01-01 04:05:02 UTC
986,11802305,3,4,4,3,5,5,5,2020-01-01 04:05:02 UTC
987,11802305,5,5,3,4,3,3,4,2020-01-01 04:05:02 UTC
988,11802305,3,5,4,3,4,5,3,2020-01-01 04:05:02 UTC
989,11802305,4,5,5,3,5,4,3,2020-01-01 04:05:02 UTC
990,11802305,3,4,4,4,3,3,4,2020-01-01 04:05:02 UTC
991,11802305,,4,3,5,4,3,5,2020-01-01 04:05:02 UTC
992,11802305,,5,3,,,,3,2020-01-01 04:05:02 UTC
993,11802305,,4,5,,,,5,2020-01-01 04:05:02 UTC
994,11802305,,3,4,,,,4,2020-01-01 04:05:02 UTC
995,11802305,,3,5,4,4,5,5,2020-01-01 04:05:02 UTC
996,11802305,,5,4,3,5,3,3,2020-01-01 04:05:02 UTC
997,11802305,3,5,3,3,5,3,3,2020-01-01 04:05:02 UTC
998,11802305,5,4,5,3,3,5,3,2020-01-01 04:05:02 UTC
999,11802305,4,5,5,3,4,4,5,2020-01-01 04:05:02 UTC
1000,11802305,4,4,4,5,4,5,4,2020-01-01 04:05:02 UTC
1001,11902105,4,3,4,3,3,3,3,2020-01-01 04:05:02 UTC
1002,11902105,3,5,3,5,5,3,4,2020-01-01 04:05:02 UTC
1003,11902105,3,4,5,5,3,3,3,2020-01-01 04:05:02 UTC
1004,11902105,4,5,3,3,4,3,3,2020-01-01 04:05:02 UTC
1005,11902105,5,5,5,4,3,4,3,2020-01-01 04:05:02 UTC
1006,11902105,3,3,4,3,5,3,4,2020-01-01 04:05:02 UTC
1007,11902105,5,4,4,4,5,3,3,2020-01-01 04:05:02 UTC
1008,11902105,4,3,5,4,3,3,5,2020-01-01 04:05:02 UTC
1009,11902105,4,3,3,3,3,4,4,2020-01-01 04:05:02 UTC
1010,11902105,3,5,4,4,4,3,4,2020-01-01 04:05:02 UTC
1011,11902105,3,5,4,4,3,4,4,2020-01-01 04:05:02 UTC
1012,11902105,4,5,5,4,4,4,4,2020-01-01 04:05:02 UTC
1013,11902105,5,5,5,3,5,5,3,2020-01-01 04:05:02 UTC
1014,11902105,4,4,4,3,3,4,4,2020-01-01 04:05:02 UTC
1015,11902105,5,5,4,4,4,5,4,2020-01-01 04:05:02 UTC
1016,11902105,3,4,3,3,3,3,4,2020-01-01 04:05:02 UTC
1017,11902105,4,3,5,3,5,5,3,2020-01-01 04:05:02 UTC
1018,11902105,3,5,5,3,4,3,3,2020-01-01 04:05:02 UTC
1019,11902105,3,3,4,3,5,4,3,2020-01-01 04:05:02 UTC
1020,11902105,3,3,3,4,4,3,3,2020-01-01 04:05:02 UTC
1021,11902105,4,5,5,3,5,4,5,2020-01-01 04:05:02 UTC
1022,11902105,3,3,3,5,5,4,5,2020-01-01 04:05:02 UTC
1023,11902105,4,4,4,3,3,5,4,2020-01-01 04:05:02 UTC
1024,11902105,3,5,4,5,3,4,4,2020-01-01 04:05:02 UTC
1025,11902105,3,5,5,4,3,4,3,2020-01-01 04:05:02 UTC
1026,11902105,4,5,4,4,4,4,3,2020-01-01 04:05:02 UTC
1027,11902105,5,3,4,5,5,3,5,2020-01-01 04:05:02 UTC
1028,11902105,3,3,5,4,4,3,3,2020-01-01 04:05:02 UTC
1029,11902105,5,3,3,3,5,5,4,2020-01-01 04:05:02 UTC
1030,11902105,3,4,4,4,3,5,4,2020-01-01 04:05:02 UTC
1031,11902105,4,5,4,5,5,3,3,2020-01-01 04:05:02 UTC
1032,11902105,4,3,4,3,4,5,3,2020-01-01 04:05:02 UTC
1033,11902105,3,4,3,3,5,5,3,2020-01-01 04:05:02 UTC
1034,11902105,5,5,5,3,4,5,3,2020-01-01 04:05:02 UTC
1035,11902105,3,4,4,3,5,4,5,2020-01-01 04:05:02 UTC
1036,11902105,4,5,5,5,4,4,3,2020-01-01 04:05:02 UTC
1037,11902105,,,,4,3,3,3,2020-01-01 04:05:02 UTC
1038,11902105,,,,3,3,3,3,2020-01-01 04:05:02 UTC
1039,11902105,,,,4,4,3,4,2020-01-01 04:05:02 UTC
1040,11902105,,,,4,4,4,3,2020-01-01 04:05:02 UTC
1041,11902105,,,,5,5,3,5,2020-01-01 04:05:02 UTC
1042,11902105,,,,3,3,3,3,2020-01-01 04:05:02 UTC
1043,11902105,,,,4,5,4,4,2020-01-01 04:05:02 UTC
1044,11902105,5,5,5,3,3,3,4,2020-01-01 04:05:02 UTC
1045,11902105,3,5,4,4,4,3,5,2020-01-01 04:05:02 UTC
1046,11902105,3,4,4,3,4,4,5,2020-01-01 04:05:02 UTC
1047,11902105,5,5,4,4,5,3,3,2020-01-01 04:05:02 UTC
1048,11902105,4,4,3,4,3,3,4,2020-01-01 04:05:02 UTC
1049,11902105,3,4,5,4,5,4,5,2020-01-01 04:05:02 UTC
1050,11902105,3,3,5,4,5,3,4,2020-01-01 04:05:02 UTC
1051,11902105,4,5,5,3,4,3,3,2020-01-01 04:05:02 UTC
1052,11902105,5,5,3,5,,5,3,2020-01-01 04:05:02 UTC
1053,11902105,3,4,3,5,,3,3,2020-01-01 04:05:02 UTC
1054,11902105,5,3,5,5,,5,3,2020-01-01 04:05:02 UTC
1055,11902105,5,4,4,5,,5,4,2020-01-01 04:05:02 UTC
1056,11902105,3,3,5,3,,3,3,2020-01-01 04:05:02 UTC
1057,11902105,3,4,4,5,,3,3,2020-01-01 04:05:02 UTC
1058,11902105,3,4,3,5,,3,4,2020-01-01 04:05:02 UTC
1059,11902105,4,3,5,5,,4,5,2020-01-01 04:05:02 UTC
1060,11902105,3,4,4,3,4,3,3,2020-01-01 04:05:02 UTC
1061,11902105,4,5,5,4,3,3,5,2020-01-01 04:05:02 UTC
1062,11902105,4,5,3,3,5,3,5,2020-01-01 04:05:02 UTC
1063,11902105,3,5,4,4,5,4,3,2020-01-01 04:05:02 UTC
1064,11902105,5,5,3,4,5,3,5,2020-01-01 04:05:02 UTC
1065,11902105,4,5,3,3,3,5,3,2020-01-01 04:05:02 UTC
1066,11902105,5,5,3,5,4,3,5,2020-01-01 04:05:02 UTC
1067,11902105,5,,4,5,4,5,3,2020-01-01 04:05:02 UTC
1068,11902105,5,,3,4,5,5,4,2020-01-01 04:05:02 UTC
1069,11902105,3,,4,5,5,5,3,2020-01-01 04:05:02 UTC
1070,11902105,3,,4,4,3,4,5,2020-01-01 04:05:02 UTC
1071,11902105,4,3,5,5,5,5,4,2020-01-01 04:05:02 UTC
1072,11902105,3,3,5,4,5,5,4,2020-01-01 04:05:02 UTC
1073,11902105,4,3,5,5,4,5,4,2020-01-01 04:05:02 UTC
1074,11902105,4,5,3,3,4,5,5,2020-01-01 04:05:02 UTC
1075,11801705,4,4,5,4,4,3,4,2020-01-01 04:05:02 UTC
1076,11801705,4,4,4,5,4,4,3,2020-01-01 04:05:02 UTC
1077,11801705,4,4,3,5,5,3,3,2020-01-01 04:05:02 UTC
1078,11801705,4,5,5,5,5,4,3,2020-01-01 04:05:02 UTC
1079,11801705,5,4,3,4,3,5,3,2020-01-01 04:05:02 UTC
1080,11801705,5,4,4,3,5,3,4,2020-01-01 04:05:02 UTC
1081,11801705,3,4,4,5,3,3,3,2020-01-01 04:05:02 UTC
1082,11801705,5,4,3,4,5,5,5,2020-01-01 04:05:02 UTC
1083,11801705,5,3,4,4,3,5,4,2020-01-01 04:05:02 UTC
1084,11801705,3,3,5,4,5,4,5,2020-01-01 04:05:02 UTC
1085,11801705,5,3,5,4,4,5,4,2020-01-01 04:05:02 UTC
1086,11801705,5,3,3,3,3,3,3,2020-01-01 04:05:02 UTC
1087,11801705,5,3,5,3,3,5,4,2020-01-01 04:05:02 UTC
1088,11801705,4,3,3,4,3,3,5,2020-01-01 04:05:02 UTC
1089,11801705,5,3,5,4,4,3,4,2020-01-01 04:05:02 UTC
1090,11801705,3,3,5,3,3,4,5,2020-01-01 04:05:02 UTC
1091,11801705,5,3,3,4,3,3,4,2020-01-01 04:05:02 UTC
1092,11801705,4,3,4,3,3,4,5,2020-01-01 04:05:02 UTC
1093,11801705,4,5,4,4,4,4,4,2020-01-01 04:05:02 UTC
1094,11801705,3,3,4,5,4,3,5,2020-01-01 04:05:02 UTC
1095,11801705,3,4,4,4,5,5,4,2020-01-01 04:05:02 UTC
1096,11801705,3,3,3,3,5,3,5,2020-01-01 04:05:02 UTC
1097,11801705,5,5,5,4,3,3,4,2020-01-01 04:05:02 UTC
1098,11801705,4,3,5,3,5,4,4,2020-01-01 04:05:02 UTC
1099,11801705,4,3,5,3,4,5,3,2020-01-01 04:05:02 UTC
1100,11801705,5,3,4,5,4,3,5,2020-01-01 04:05:02 UTC
1101,11801705,4,4,3,3,4,4,5,2020-01-01 04:05:02 UTC
1102,11801705,3,4,5,5,4,3,5,2020-01-01 04:05:02 UTC
1103,11801705,5,4,5,4,5,3,3,2020-01-01 04:05:02 UTC
1104,11801705,3,4,3,4,4,5,5,2020-01-01 04:05:02 UTC
1105,11801705,3,5,4,4,4,5,5,2020-01-01 04:05:02 UTC
1106,11801705,3,4,5,4,3,4,3,2020-01-01 04:05:02 UTC
1107,11801705,3,4,,3,5,5,3,2020-01-01 04:05:02 UTC
1108,11801705,4,5,,5,5,5,4,2020-01-01 04:05:02 UTC
1109,11801705,4,5,,4,4,3,3,2020-01-01 04:05:02 UTC
1110,11801705,3,4,,3,4,5,4,2020-01-01 04:05:02 UTC
1111,11801705,3,3,,5,4,3,3,2020-01-01 04:05:02 UTC
1112,11801705,4,5,,3,3,3,4,2020-01-01 04:05:02 UTC
1113,11801705,3,5,,3,4,3,4,2020-01-01 04:05:02 UTC
1114,11801705,4,5,,4,3,3,4,2020-01-01 04:05:02 UTC
1115,11801705,5,5,,4,3,3,5,2020-01-01 04:05:02 UTC
1116,11801705,4,3,,4,4,5,4,2020-01-01 04:05:02 UTC
1117,11801705,3,3,,4,3,5,3,2020-01-01 04:05:02 UTC
1118,11801705,5,5,4,4,4,5,5,2020-01-01 04:05:02 UTC
1119,11801705,5,5,4,4,4,4,5,2020-01-01 04:05:02 UTC
1120,11801705,5,5,3,5,3,3,5,2020-01-01 04:05:02 UTC
1121,11801705,3,5,4,3,5,5,3,2020-01-01 04:05:02 UTC
1122,11801705,5,4,5,5,5,4,5,2020-01-01 04:05:02 UTC
1123,11801705,5,5,3,5,4,3,5,2020-01-01 04:05:02 UTC
1124,11801705,3,5,,4,3,3,3,2020-01-01 04:05:02 UTC
1125,11801705,5,3,,5,4,4,3,2020-01-01 04:05:02 UTC
1126,11801705,3,3,,4,3,3,5,2020-01-01 04:05:02 UTC
1127,11801705,4,5,,5,5,4,3,2020-01-01 04:05:02 UTC
1128,11801705,4,3,,4,3,3,5,2020-01-01 04:05:02 UTC
1129,11801705,5,5,,5,3,4,4,2020-01-01 04:05:02 UTC
1130,11801705,3,5,,4,5,3,3,2020-01-01 04:05:02 UTC
1131,11801705,3,4,,4,3,4,5,2020-01-01 04:05:02 UTC
1132,11801705,3,4,3,3,3,3,5,2020-01-01 04:05:02 UTC
1133,11801705,3,4,4,4,3,5,5,2020-01-01 04:05:02 UTC
1134,11801705,4,5,4,5,5,5,5,2020-01-01 04:05:02 UTC
1135,11801705,4,4,3,5,3,4,5,2020-01-01 04:05:02 UTC
1136,11801705,3,5,4,3,5,4,3,2020-01-01 04:05:02 UTC
1137,11801705,5,4,5,5,5,4,3,2020-01-01 04:05:02 UTC
1138,11801705,5,5,4,3,4,3,4,2020-01-01 04:05:02 UTC
1139,11801705,3,4,4,3,5,3,5,2020-01-01 04:05:02 UTC
1140,11801705,5,5,4,4,4,5,3,2020-01-01 04:05:02 UTC
1141,11801705,4,5,5,5,5,3,3,2020-01-01 04:05:02 UTC
1142,11801705,4,4,5,3,3,3,5,2020-01-01 04:05:02 UTC
1143,11801705,5,5,3,5,5,4,4,2020-01-01 04:05:02 UTC
1144,11801705,3,,,3,5,3,4,2020-01-01 04:05:02 UTC
1145,11801705,4,,,3,5,5,4,2020-01-01 04:05:02 UTC
1146,11801705,3,,,4,5,3,5,2020-01-01 04:05:02 UTC
1147,11801705,3,3,3,3,4,4,5,2020-01-01 04:05:02 UTC
1148,11801705,4,4,4,5,3,5,5,2020-01-01 04:05:02 UTC
1149,11801705,5,5,5,4,4,5,5,2020-01-01 04:05:02 UTC
1150,11801705,3,5,3,5,3,3,3,2020-01-01 04:05:02 UTC
1151,11801705,3,3,4,3,4,5,5,2020-01-01 04:05:02 UTC
1152,11801705,3,3,5,5,3,4,4,2020-01-01 04:05:02 UTC
1153,11801705,5,3,3,5,5,3,3,2020-01-01 04:05:02 UTC
1154,11801705,5,4,3,4,4,4,4,2020-01-01 04:05:02 UTC
1155,11801705,4,3,5,3,5,3,5,2020-01-01 04:05:02 UTC
1156,11801705,4,3,5,4,3,4,3,2020-01-01 04:05:02 UTC
1157,11801705,3,3,4,3,5,3,3,2020-01-01 04:05:02 UTC
1158,11801705,3,3,4,5,4,5,5,2020-01-01 04:05:02 UTC
1159,11801705,3,4,3,3,5,4,4,2020-01-01 04:05:02 UTC
1160,11801705,4,5,3,5,3,4,5,2020-01-01 04:05:02 UTC
1161,11801705,3,3,4,3,4,5,4,2020-01-01 04:05:02 UTC
1162,11801705,3,5,4,5,4,3,4,2020-01-01 04:05:02 UTC
1163,11801705,5,4,4,4,4,4,4,2020-01-01 04:05:02 UTC
1164,11801705,4,3,4,3,3,3,3,2020-01-01 04:05:02 UTC
1165,11801705,3,4,5,5,4,4,3,2020-01-01 04:05:02 UTC
1166,11801705,4,5,3,5,4,4,4,2020-01-01 04:05:02 UTC
1167,11801705,5,3,5,4,5,3,3,2020-01-01 04:05:02 UTC
1168,11801705,5,5,4,3,3,3,5,2020-01-01 04:05:02 UTC
1169,11801705,3,5,4,4,,,,2020-01-01 04:05:02 UTC
1170,11801705,4,3,4,4,4,5,3,2020-01-01 04:05:02 UTC
1171,11801705,3,3,4,4,3,4,4,2020-01-01 04:05:02 UTC
1172,11801705,3,3,5,5,3,3,4,2020-01-01 04:05:02 UTC
1173,11801705,5,4,5,3,5,5,4,2020-01-01 04:05:02 UTC
1174,11801705,3,3,4,4,3,5,3,2020-01-01 04:05:02 UTC
1175,11801705,4,4,4,4,5,5,3,2020-01-01 04:05:02 UTC
1176,11801705,4,4,5,5,3,4,4,2020-01-01 04:05:02 UTC
1177,11801705,5,5,5,5,5,4,3,2020-01-01 04:05:02 UTC
1178,11801705,5,4,3,3,4,3,5,2020-01-01 04:05:02 UTC
1179,11801705,5,3,4,3,4,3,3,2020-01-01 04:05:02 UTC
1180,11801705,5,5,3,5,4,4,4,2020-01-01 04:05:02 UTC
1181,11801705,5,4,3,4,5,3,4,2020-01-01 04:05:02 UTC
1182,11801705,5,,3,3,5,3,3,2020-01-01 04:05:02 UTC
1183,11801705,5,,5,3,4,3,3,2020-01-01 04:05:02 UTC
1184,11801705,4,,4,3,5,4,4,2020-01-01 04:05:02 UTC
1185,11801705,5,4,3,5,3,5,5,2020-01-01 04:05:02 UTC
1186,11801705,3,4,5,3,5,3,5,2020-01-01 04:05:02 UTC
1187,11801705,5,4,5,5,3,3,5,2020-01-01 04:05:02 UTC
1188,11801705,5,3,5,,4,5,3,2020-01-01 04:05:02 UTC
1189,11801705,3,5,4,,3,3,3,2020-01-01 04:05:02 UTC
1190,11801705,4,4,3,,4,3,5,2020-01-01 04:05:02 UTC
1191,11801705,4,5,3,,4,4,3,2020-01-01 04:05:02 UTC
1192,11801705,5,4,3,,4,5,4,2020-01-01 04:05:02 UTC
1193,11801705,3,5,3,5,5,5,4,2020-01-01 04:05:02 UTC
1194,11801705,4,5,5,3,4,5,5,2020-01-01 04:05:02 UTC
1195,11801705,4,3,4,5,3,4,5,2020-01-01 04:05:02 UTC
1196,11801705,4,4,3,3,5,5,4,2020-01-01 04:05:02 UTC
1197,11801705,5,5,3,4,3,5,5,2020-01-01 04:05:02 UTC
1198,11801705,4,4,4,4,4,3,5,2020-01-01 04:05:02 UTC
1199,11801705,3,4,5,3,3,4,5,2020-01-01 04:05:02 UTC
1200,11801705,3,3,4,3,3,3,5,2020-01-01 04:05:02 UTC
1201,11801705,4,4,3,3,3,4,4,2020-01-01 04:05:02 UTC
1202,11801705,3,4,4,4,3,3,3,2020-01-01 04:05:02 UTC
1203,11801705,5,3,5,4,3,3,4,2020-01-01 04:05:02 UTC
1204,11801705,3,5,3,4,4,3,4,2020-01-01 04:05:02 UTC
1205,11801705,5,4,4,4,5,4,3,2020-01-01 04:05:02 UTC
1206,11801705,5,3,3,3,4,5,5,2020-01-01 04:05:02 UTC
1207,11801705,4,3,5,4,5,3,3,2020-01-01 04:05:02 UTC
1208,11801705,5,4,3,4,3,3,3,2020-01-01 04:05:02 UTC
1209,11801705,3,4,3,4,3,4,3,2020-01-01 04:05:02 UTC
1210,11905105,4,4,3,4,4,3,4,2020-01-01 04:05:02 UTC
1211,11905105,5,3,5,5,4,4,3,2020-01-01 04:05:02 UTC
1212,11905105,4,3,5,5,3,3,5,2020-01-01 04:05:02 UTC
1213,11905105,5,5,5,5,3,5,5,2020-01-01 04:05:02 UTC
1214,11905105,4,3,3,5,3,4,3,2020-01-01 04:05:02 UTC
1215,11905105,3,4,5,5,5,3,5,2020-01-01 04:05:02 UTC
1216,11905105,4,4,5,3,3,4,3,2020-01-01 04:05:02 UTC
1217,11905105,4,3,5,5,3,4,4,2020-01-01 04:05:02 UTC
1218,11905105,4,5,3,5,5,4,3,2020-01-01 04:05:02 UTC
1219,11905105,5,5,3,5,5,4,4,2020-01-01 04:05:02 UTC
1220,11905105,5,4,5,5,3,5,3,2020-01-01 04:05:02 UTC
1221,11905105,4,5,3,5,3,5,5,2020-01-01 04:05:02 UTC
1222,11905105,3,4,3,3,5,4,5,2020-01-01 04:05:02 UTC
1223,11905105,5,3,4,5,3,5,4,2020-01-01 04:05:02 UTC
1224,11905105,5,4,5,4,3,4,5,2020-01-01 04:05:02 UTC
1225,11905105,3,3,3,3,5,5,4,2020-01-01 04:05:02 UTC
1226,11905105,5,4,4,3,3,5,5,2020-01-01 04:05:02 UTC
1227,11905105,3,4,4,3,4,4,3,2020-01-01 04:05:02 UTC
1228,11905105,5,3,4,5,3,5,3,2020-01-01 04:05:02 UTC
1229,11905105,5,5,5,4,3,4,5,2020-01-01 04:05:02 UTC
1230,11905105,3,4,4,5,3,4,3,2020-01-01 04:05:02 UTC
1231,11905105,5,5,3,3,5,4,4,2020-01-01 04:05:02 UTC
1232,11905105,5,3,5,5,5,4,3,2020-01-01 04:05:02 UTC
1233,11905105,3,3,5,4,3,4,5,2020-01-01 04:05:02 UTC
1234,11905105,5,3,4,4,5,4,5,2020-01-01 04:05:02 UTC
1235,11905105,3,4,3,4,5,4,4,2020-01-01 04:05:02 UTC
1236,11905105,3,3,3,5,4,5,3,2020-01-01 04:05:02 UTC
1237,11905105,4,5,4,3,3,3,4,2020-01-01 04:05:02 UTC
1238,11905105,5,5,5,3,4,4,4,2020-01-01 04:05:02 UTC
1239,11905105,3,4,5,4,3,3,5,2020-01-01 04:05:02 UTC
1240,11905105,3,5,4,5,5,5,5,2020-01-01 04:05:02 UTC
1241,11905105,4,3,3,3,4,4,4,2020-01-01 04:05:02 UTC
1242,11905105,4,5,5,3,3,3,3,2020-01-01 04:05:02 UTC
1243,11905105,5,3,3,3,5,4,4,2020-01-01 04:05:02 UTC
1244,11905105,5,5,4,3,4,3,4,2020-01-01 04:05:02 UTC
1245,11905105,4,5,4,3,4,4,4,2020-01-01 04:05:02 UTC
1246,11905105,3,5,4,4,3,3,4,2020-01-01 04:05:02 UTC
1247,11905105,3,5,5,5,4,4,4,2020-01-01 04:05:02 UTC
1248,11905105,5,4,5,3,3,3,3,2020-01-01 04:05:02 UTC
1249,11905105,4,5,,4,5,5,5,2020-01-01 04:05:02 UTC
1250,11905105,3,4,,5,3,3,5,2020-01-01 04:05:02 UTC
1251,11905105,4,5,,3,5,5,5,2020-01-01 04:05:02 UTC
1252,11905105,3,4,,3,5,3,3,2020-01-01 04:05:02 UTC
1253,11905105,5,4,,5,5,4,5,2020-01-01 04:05:02 UTC
1254,11905105,3,5,,3,4,4,4,2020-01-01 04:05:02 UTC
1255,11905105,3,5,,3,3,3,5,2020-01-01 04:05:02 UTC
1256,11905105,3,4,,4,4,3,3,2020-01-01 04:05:02 UTC
1257,11905105,4,5,,4,4,5,3,2020-01-01 04:05:02 UTC
1258,11905105,5,4,,4,3,4,3,2020-01-01 04:05:02 UTC
1259,11905105,3,3,,4,4,5,5,2020-01-01 04:05:02 UTC
1260,11905105,3,5,,5,3,5,5,2020-01-01 04:05:02 UTC
1261,11905105,4,3,,3,3,5,4,2020-01-01 04:05:02 UTC
1262,11905105,4,3,,3,4,4,3,2020-01-01 04:05:02 UTC
1263,11905105,5,5,4,5,5,3,3,2020-01-01 04:05:02 UTC
1264,11905105,5,5,4,5,3,4,3,2020-01-01 04:05:02 UTC
1265,11905105,3,5,5,4,4,5,4,2020-01-01 04:05:02 UTC
1266,11905105,5,5,3,4,5,4,3,2020-01-01 04:05:02 UTC
1267,11905105,3,4,5,4,3,3,4,2020-01-01 04:05:02 UTC
1268,11905105,5,5,4,5,5,5,3,2020-01-01 04:05:02 UTC
1269,11905105,5,5,5,5,5,4,5,2020-01-01 04:05:02 UTC
1270,11905105,5,4,3,3,5,4,3,2020-01-01 04:05:02 UTC
1271,11905105,4,5,3,3,4,5,5,2020-01-01 04:05:02 UTC
1272,11905105,4,4,5,4,3,5,5,2020-01-01 04:05:02 UTC
1273,11905105,4,3,4,5,4,4,3,2020-01-01 04:05:02 UTC
1274,11905105,3,4,3,5,5,3,5,2020-01-01 04:05:02 UTC
1275,11905105,5,3,4,3,4,4,3,2020-01-01 04:05:02 UTC
1276,11905105,5,3,5,4,,,3,2020-01-01 04:05:02 UTC
1277,11905105,5,,3,5,,,5,2020-01-01 04:05:02 UTC
1278,11905105,5,,5,5,4,4,3,2020-01-01 04:05:02 UTC
1279,11905105,5,,3,4,4,3,4,2020-01-01 04:05:02 UTC
1280,11905105,5,3,5,5,4,3,4,2020-01-01 04:05:02 UTC
1281,11905105,3,5,4,3,3,5,3,2020-01-01 04:05:02 UTC
1282,11905105,4,5,5,4,3,4,5,2020-01-01 04:05:02 UTC
1283,11905105,3,3,3,4,5,5,5,2020-01-01 04:05:02 UTC
1284,11905105,4,4,5,5,5,5,4,2020-01-01 04:05:02 UTC
1285,11905105,4,3,4,4,3,3,5,2020-01-01 04:05:02 UTC
1286,11905105,3,3,3,4,4,4,4,2020-01-01 04:05:02 UTC
1287,11905105,4,5,5,5,4,4,5,2020-01-01 04:05:02 UTC
1288,11905105,4,3,4,4,,,,2020-01-01 04:05:02 UTC
1289,11905105,3,3,4,5,,,,2020-01-01 04:05:02 UTC
1290,11905105,5,3,5,5,,,,2020-01-01 04:05:02 UTC
1291,11905105,3,4,3,4,,,,2020-01-01 04:05:02 UTC
1292,11905105,3,4,5,5,,,,2020-01-01 04:05:02 UTC
1293,11905105,5,3,4,3,,,,2020-01-01 04:05:02 UTC
1294,11905105,3,3,4,4,,,,2020-01-01 04:05:02 UTC
1295,11905105,4,5,4,3,,,,2020-01-01 04:05:02 UTC
1296,11905105,3,5,3,5,4,3,4,2020-01-01 04:05:02 UTC
1297,11905105,3,3,3,5,5,3,5,2020-01-01 04:05:02 UTC
1298,11905105,5,5,5,4,5,5,4,2020-01-01 04:05:02 UTC
1299,11905105,3,4,3,5,4,4,4,2020-01-01 04:05:02 UTC
1300,11905105,5,4,4,3,3,3,5,2020-01-01 04:05:02 UTC
1301,11905105,5,5,4,5,3,4,3,2020-01-01 04:05:02 UTC
1302,11905105,4,5,,5,4,3,3,2020-01-01 04:05:02 UTC
1303,11905105,5,4,,4,5,4,3,2020-01-01 04:05:02 UTC
1304,11905105,5,4,3,4,5,5,4,2020-01-01 04:05:02 UTC
1305,11905105,3,3,3,4,5,3,3,2020-01-01 04:05:02 UTC
1306,11905105,3,4,5,5,4,4,3,2020-01-01 04:05:02 UTC
1307,11905105,5,4,5,5,5,3,4,2020-01-01 04:05:02 UTC
1308,11014421,5,5,5,5,5,5,5,2020-01-01 04:05:02 UTC
1309,11014421,5,5,5,5,5,5,5,2020-01-01 04:05:02 UTC
1310,11014421,5,5,5,5,5,5,5,2020-01-01 04:05:02 UTC
1311,11014421,5,5,5,5,5,5,5,2020-01-01 04:05:02 UTC
1312,11014421,5,5,4,5,5,5,5,2020-01-01 04:05:02 UTC
1313,11014421,5,5,,5,5,5,5,2020-01-01 04:05:02 UTC
1314,11014421,5,5,,5,5,5,5,2020-01-01 04:05:02 UTC
1315,11014421,5,5,,5,5,5,5,2020-01-01 04:05:02 UTC
1316,11014421,5,5,,5,5,5,5,2020-01-01 04:05:02 UTC
1317,11014421,5,5,,5,5,5,5,2020-01-01 04:05:02 UTC
1318,11014421,5,5,,5,5,5,5,2020-01-01 04:05:02 UTC
1319,11014421,5,5,,5,5,5,5,2020-01-01 04:05:02 UTC
1320,11014421,5,5,,5,5,5,5,2020-01-01 04:05:02 UTC
1321,11014421,5,5,,5,5,5,5,2020-01-01 04:05:02 UTC
1322,11014421,5,5,,5,5,5,5,2020-01-01 04:05:02 UTC
1323,11014421,5,5,,5,5,5,5,2020-01-01 04:05:02 UTC
1324,11014421,5,5,,5,5,5,5,2020-01-01 04:05:02 UTC
1325,11014421,5,5,,5,5,5,5,2020-01-01 04:05:02 UTC
1326,11014421,5,5,,5,5,5,5,2020-01-01 04:05:02 UTC
1327,11014421,5,5,,5,5,5,5,2020-01-01 04:05:02 UTC
1328,11014421,5,5,,5,5,5,5,2020-01-01 04:05:02 UTC
1329,11014421,5,5,,5,5,5,5,2020-01-01 04:05:02 UTC
1330,11014421,5,5,,5,5,5,5,2020-01-01 04:05:02 UTC
1331,11014421,5,5,,5,5,5,5,2020-01-01 04:05:02 UTC
1332,11014421,5,5,,5,5,5,5,2020-01-01 04:05:02 UTC
1333,11014421,5,5,,5,5,5,5,2020-01-01 04:05:02 UTC
1334,11014421,5,5,,5,5,5,5,2020-01-01 04:05:02 UTC
1335,11014421,5,5,,5,5,5,5,2020-01-01 04:05:02 UTC
1336,11014421,5,5,,5,5,5,5,2020-01-01 04:05:02 UTC
1337,11014421,5,5,,5,5,5,5,2020-01-01 04:05:02 UTC
1338,11014421,5,5,,5,5,5,5,2020-01-01 04:05:02 UTC
1339,11014421,5,5,,5,5,5,5,2020-01-01 04:05:02 UTC
1340,11014421,5,5,,5,5,5,5,2020-01-01 04:05:02 UTC
1341,11014421,5,5,,5,5,5,5,2020-01-01 04:05:02 UTC
1342,11014421,5,5,,5,5,5,5,2020-01-01 04:05:02 UTC
1343,11014421,5,4,,4,5,5,5,2020-01-01 04:05:02 UTC
1344,11014421,5,4,,4,5,5,5,2020-01-01 04:05:02 UTC
1345,11014421,5,4,,4,5,5,5,2020-01-01 04:05:02 UTC
1346,11014421,5,4,,4,5,5,5,2020-01-01 04:05:02 UTC
1347,11014421,4,4,,4,5,5,5,2020-01-01 04:05:02 UTC
1348,11014421,4,4,,4,5,5,5,2020-01-01 04:05:02 UTC
1349,11014421,4,4,,4,5,5,5,2020-01-01 04:05:02 UTC
1350,11014421,4,4,,4,5,5,5,2020-01-01 04:05:02 UTC
1351,11014421,4,4,,4,5,4,5,2020-01-01 04:05:02 UTC
1352,11014421,4,4,,4,5,4,5,2020-01-01 04:05:02 UTC
1353,11014421,4,4,,4,5,4,4,2020-01-01 04:05:02 UTC
1354,11014421,4,4,,4,5,4,4,2020-01-01 04:05:02 UTC
1355,11014421,4,4,,4,5,4,4,2020-01-01 04:05:02 UTC
1356,11014421,4,4,,4,5,4,4,2020-01-01 04:05:02 UTC
1357,11014421,4,4,,4,5,4,4,2020-01-01 04:05:02 UTC
1358,11014421,4,4,,4,5,4,4,2020-01-01 04:05:02 UTC
1359,11014421,4,4,,4,5,4,4,2020-01-01 04:05:02 UTC
1360,11014421,4,4,,4,5,4,4,2020-01-01 04:05:02 UTC
1361,11014421,3,3,,4,5,,,2020-01-01 04:05:02 UTC
1362,11014421,3,3,,4,5,,,2020-01-01 04:05:02 UTC
1363,11014421,3,3,,4,5,,,2020-01-01 04:05:02 UTC
1364,11014421,3,,,,4,,,2020-01-01 04:05:02 UTC
1365,11014421,3,,,,4,,,2020-01-01 04:05:02 UTC
1440,11014421,5,3,4,4,4,3,3,2020-01-01 04:05:02 UTC
1441,11014421,4,3,5,3,3,4,4,2020-01-01 04:05:02 UTC
1442,11014421,5,3,3,5,4,3,4,2020-01-01 04:05:02 UTC
1443,11014421,5,3,4,4,5,4,4,2020-01-01 04:05:02 UTC
1444,11014421,4,5,3,3,3,5,4,2020-01-01 04:05:02 UTC
1445,11014421,4,3,3,5,4,4,4,2020-01-01 04:05:02 UTC
1446,11014421,4,4,3,3,5,4,5,2020-01-01 04:05:02 UTC
1447,11014421,5,3,,4,5,5,4,2020-01-01 04:05:02 UTC
1448,11014421,3,4,,5,5,4,3,2020-01-01 04:05:02 UTC
1449,11014421,3,5,,5,3,5,5,2020-01-01 04:05:02 UTC
1450,11014421,3,3,,4,4,5,,2020-01-01 04:05:02 UTC
1451,11014421,5,3,,4,5,3,,2020-01-01 04:05:02 UTC
1452,11014421,3,3,,5,3,4,,2020-01-01 04:05:02 UTC
1453,11014421,5,5,,4,4,4,3,2020-01-01 04:05:02 UTC
1454,11014421,5,5,,4,5,4,3,2020-01-01 04:05:02 UTC
1455,11014421,4,4,,3,,3,5,2020-01-01 04:05:02 UTC
1456,11014421,3,3,,3,,4,3,2020-01-01 04:05:02 UTC
1457,11014421,4,3,,3,5,5,4,2020-01-01 04:05:02 UTC
1458,11014421,3,3,,5,3,4,3,2020-01-01 04:05:02 UTC
1459,11014421,5,4,,5,5,4,3,2020-01-01 04:05:02 UTC
1460,11014421,4,4,,4,3,5,3,2020-01-01 04:05:02 UTC
1461,11014421,4,3,4,4,5,4,5,2020-01-01 04:05:02 UTC
1462,11014421,4,5,3,5,5,3,4,2020-01-01 04:05:02 UTC
1463,11014421,4,4,5,3,5,3,5,2020-01-01 04:05:02 UTC
1464,11014421,4,5,4,3,3,4,4,2020-01-01 04:05:02 UTC
1465,11929140,1,1,1,1,1,1,1,2020-01-01 04:05:02 UTC
1465,11929140,2,2,2,2,2,2,2,2020-01-01 04:05:02 UTC
1465,11929140,3,3,3,3,3,3,1,2020-01-01 04:05:02 UTC
1465,11929140,4,4,4,4,4,4,1,2020-01-01 04:05:02 UTC
1465,11929140,5,5,5,5,5,5,1,2020-01-01 04:05:02 UTC
1470,11513535,2,2,2,2,2,2,2,2020-01-01 04:05:02 UTC
1471,11513535,3,3,3,3,3,3,1,2020-01-01 04:05:02 UTC
1472,11513535,4,4,4,4,4,4,1,2020-01-01 04:05:02 UTC
1473,11513535,5,5,5,5,5,5,1,2020-01-01 04:05:02 UTC
1474,11800118,1,1,1,1,1,1,1,2020-01-01 04:05:02 UTC
1475,11800118,2,2,2,2,2,2,2,2020-01-01 04:05:02 UTC
1476,11800118,3,3,3,3,3,3,1,2020-01-01 04:05:02 UTC
1477,11800118,4,4,4,4,4,4,1,2020-01-01 04:05:02 UTC
1478,11800118,5,5,5,5,5,5,1,2020-01-01 04:05:02 UTC
1479,31005740,,,,,,,,2020-01-01 04:05:02 UTC
1480,31005740,,,,,,,,2020-01-01 04:05:02 UTC
1481,31005740,,,,,,,,2020-01-01 04:05:02 UTC
1482,31005740,,,,,,,,2020-01-01 04:05:02 UTC
1483,31005740,,,,,,,,2020-01-01 04:05:02 UTC
